Observed_Outcome,Residuals,Standard_Errors,Z_Values
1,0.6377137527452522,0.2608697459448109,2.444567691955225
2,0.20267168182348727,0.19986399248654804,1.0140479998523406
3,0.7748480595729103,0.3187346092143186,2.4310132542020213
4,0.14096591164199626,0.30495959215342644,0.4622445572103065
5,0.18631916936923365,0.2055806552998038,0.9063069144201307
6,0.3537416343529428,0.23168973637101392,1.5267902665592505
7,0.4196997091262867,0.2631448892606973,1.594937717792766
8,-0.2022487807361822,11.599720749487146,-0.0174356594528471
9,-0.25861371770706937,0.2589596791630957,-0.9986640335007194
10,0.01748382173214528,0.5750914905068366,0.030401809139510183
11,-0.0802889455898047,0.11341634162365491,-0.7079133786224955
12,-0.014686662611814727,0.06815022207863072,-0.21550425169369913
13,-0.056007509319692866,0.22517514756076176,-0.24872864490775864
14,-0.010604627648459864,0.1200718790041367,-0.08831899472560528
15,-0.47813605889325417,0.4459949745183857,-1.0720660236353032
16,-0.562863711813219,3.847728128894251,-0.1462846887716501
17,-0.054094193327156,0.19015905602600355,-0.28446814186834635
18,-0.19614038362112335,0.5727087467459093,-0.34247841461402356
19,-0.021968110078471034,0.08274405460401536,-0.26549472567670107
20,-0.15388379261987567,0.09219208362837072,-1.6691649278715321
21,0.0047902754302742035,3.642764696092647,0.0013150109408418323
22,0.058698657099957585,11.104830162543221,0.0052858671623767055
23,-0.11227272093926227,0.09675168497515493,-1.1604213504714984
24,-0.1340022200857725,0.09664461118337554,-1.3865462175797245
25,-0.03492459366148652,1.1441475351337795,-0.030524554385726977
26,-0.08738008447681882,0.0655151264087082,-1.3337390808301082
27,-0.053243907876098596,0.17560279177592095,-0.3032064999515544
28,-0.07203069994088715,0.07247511956985331,-0.9938679697032053
29,0.007963316437842764,0.4324035461854884,0.018416399467794223
30,-0.011252262834746424,0.21947228200527616,-0.05126963064281583
31,-0.0013978841702982827,0.06860016978455222,-0.02037726983312899
32,0.015808343340746336,0.07056731866855973,0.22401791139316055
33,-0.009152026486524679,0.06735251408488033,-0.13588247760122107
34,-0.0025854003300394834,0.06625744643863432,-0.03902052477126483
35,0.005039620137223026,0.06519241182176636,0.077303784234907
36,-0.003000598283451287,0.07399171991430793,-0.04055316306914302
37,0.01938945326526397,0.06749832432543473,0.2872582906174107
38,-0.0186342187735843,0.07441896358347722,-0.2503961070713102
39,0.011459782283367779,0.07343697896320897,0.1560492063420663
40,-4.638301382832669e-4,0.06562652158569951,-0.007067723948732624
41,-0.009419226891964859,0.0683633054759151,-0.13778191131034942
42,0.013092885140186904,0.07475189504395605,0.17515121365803435
43,0.02438490650519424,0.06732028231535812,0.3622222852685688
44,-0.018635134666088404,0.07518651781653952,-0.24785207783607513
45,5.101260077385473e-5,0.0672669542763558,7.583604954711849e-4
46,0.013238065022651077,0.06674865870482798,0.19832705674568948
47,-0.0782473476449327,0.07008487782077347,-1.1164654926706576
48,-0.07745795809336085,0.07389504149156956,-1.0482159090769003
49,0.018556938794438857,0.07133883543719455,0.2601239378343379
50,-0.033307437073926395,0.07305738337073361,-0.4559078841478077
51,-0.010810463156890077,0.06607060275373672,-0.1636198658151136
52,0.006004108714475595,0.06466891482693679,0.09284381422733695
53,-0.006330262560429364,0.06235092856651251,-0.10152635583729265
54,-0.010086381852564365,0.06237602072491073,-0.16170287452364251
55,-0.014367105898001309,0.06240657395257344,-0.23021782783524936
56,-0.01239119183976968,0.06237144206013922,-0.19866771442965772
57,-0.00856037651908153,0.062404617996136974,-0.13717536929096244
58,-0.0022959237090035,0.06346675967762087,-0.03617521550912059
59,0.00562057702114005,0.062325923494074315,0.09018040497505714
60,0.0025852226680181363,0.0621893695936206,0.041570170029241287
61,0.0026355515130887987,0.06218781291652262,0.04238051459739568
62,0.0010075431548283464,0.06219188216857663,0.016200557366913435
63,-0.0036445103032945727,0.06222622861495922,-0.05856871586812559
64,0.002635705305082268,0.06218923745852007,0.04238201677324426
65,0.0026350300541227055,0.06219460818044262,0.042367499871979304
66,0.004312193038631583,0.0621927792940112,0.06933591146081522
67,0.004576279737352008,0.06218637747983026,0.07358974622434462
68,0.0039433101845059645,0.06218469702614653,0.0634128712221262
69,0.04479073881461585,0.06622665060905064,0.6763249900561131
70,-0.07949018069401803,0.09790694454428284,-0.8118952242255401
71,0.057939234738100975,0.08984861090111504,0.6448539844635699
72,0.11643369662023342,0.1182321396316188,0.9847888821348504
73,0.12927627737935957,0.20341512694295721,0.6355293203715962
74,0.24655103178399693,0.08693641289626038,2.835992693627718
75,0.21597346356173597,0.1051575644560551,2.053808156159706
76,0.8461945796492528,0.6101793943209706,1.386796387300047
77,0.0137658933157087,0.06228265631673357,0.2210228999499207
78,0.002662133240393592,0.06287185690162192,0.04234220797008011
79,-7.350426086236228e-4,0.06759186102050001,-0.010874720676808869
80,0.02340806836377563,0.06254725014206244,0.3742461628706187
81,0.03957201274670518,0.06340505580618758,0.6241144691626219
82,0.07818834832064024,0.06754126856793981,1.1576381370745283
83,0.05741942521268947,0.06406624871015729,0.8962507774173142
84,0.07244222917202085,0.06598078053829791,1.0979292542617385
85,0.4784067530913844,0.21074046734750942,2.2701228630308354
86,0.026651412781185192,0.06231556807484687,0.42768466379339326
87,0.02389033601214413,0.06250975194375341,0.3821857433323488
88,0.05007533124225018,0.06434808280612388,0.7781946106012751
89,0.03933252374323339,0.06320968053781893,0.6222547465605428
90,0.045358726012084245,0.06390834204192573,0.7097465614477622
91,0.052300275708663996,0.06445483151950132,0.8114252178727692
92,0.06552211231533782,0.06708332409143539,0.9767272746656142
93,0.022359523849974396,0.06226377370662023,0.35910967997747634
94,0.009182164778378165,0.062240368766709527,0.14752748032060867
95,0.010722190034870342,0.062198393928742775,0.17238692766173602
96,0.02336697857283202,0.06253767918310733,0.3736463981084847
97,0.03258137936554222,0.06273073193258552,0.5193846518570239
98,0.019902703832203515,0.06237967202230557,0.3190575260653303
99,0.009186823265046088,0.06220347237281418,0.14768987830751967
100,0.007089185490090119,0.06219264573194664,0.1139875206571024
101,0.007719235728153511,0.062190243663033024,0.12412293751378177
102,0.007873441576256544,0.06219099311153039,0.1266009944902582
103,-0.300583279488693,0.07088248523639486,-4.240586069834322
104,-0.22797394748837813,0.07464174496931246,-3.054241933680748
105,-0.055214160602314315,0.08449521443513029,-0.6534590268979554
106,-0.08873090563708269,0.07791995486210371,-1.1387443151643415
107,-0.4726159159189367,0.07492530705020373,-6.3078275488715745
108,-0.5177661339153522,0.08518749893320433,-6.077959094929334
109,-0.3033785399802125,0.08347348395949075,-3.6344300679655417
110,-0.011281290815141337,0.0676649113593638,-0.1667229083509348
111,0.11583498178262903,0.06310364548506424,1.8356305866678586
112,0.02709673717682804,0.06313125408451334,0.42921271832417335
113,0.07015169388465323,0.06798724732551788,1.0318360669725624
114,0.1614266285234376,0.07730083769695228,2.0882908042509105
115,0.11413344104234675,0.07191477993203135,1.587065150588202
116,0.026075437806229316,0.06256146155841402,0.4167971328784018
117,0.008521814086554835,0.06236747411774486,0.13663875613218396
118,0.007650861159545427,0.06229654262331914,0.12281357579997577
119,0.03912006238144082,0.06271897124817513,0.6237357150940045
120,0.12140100911355399,0.06304323716780069,1.9256785432896442
121,0.004469085267160102,0.062187836576090644,0.07186429876350339
122,0.007348990038795837,0.062188519440750774,0.11817277698333827
123,0.00541193818658342,0.0621862163199766,0.08702793813240729
124,0.004259814864545294,0.0621907469222749,0.06849595921189287
125,0.0052019323956613885,0.062187196185323944,0.0836495728181589
126,0.003736570413467441,0.06218718061300456,0.060085862980674365
127,0.004416655246379938,0.06219243949618227,0.07101595116961215
128,0.03618549708031269,0.06772210505153611,0.5343232767613433
129,0.04504270785844839,0.06624756704965722,0.6799148989831688
130,-0.07386304299979975,0.10081327133394499,-0.7326718201131244
131,0.06466788160343123,0.09339865385063151,0.6923855852018148
132,0.1193305652397602,0.07338978999469327,1.6259831953244293
133,0.13293072515786153,0.08800943834697496,1.5104144243460065
134,0.25427966368404675,0.11285245244668288,2.2532045885682557
135,0.21698312405186085,0.11823535485705919,1.835179708422941
136,0.8624555912906202,0.6096526848892441,1.4146670927026312
137,0.01020800131479029,0.06232017409511832,0.1637993067735975
138,0.011814889030947968,0.06224949650538671,0.18979894929633007
139,0.011814868677422392,0.06229731731361697,0.18965292867980196
140,0.008344213362288844,0.062200873457894434,0.13414945640493753
141,-0.012040077155406734,0.06304535859449915,-0.19097483817717958
142,-0.04002675062041528,0.06613197727154899,-0.6052556156919175
143,-0.0013341835593287535,0.06570618481891674,-0.020305296419289947
144,0.0036321277255964785,0.0623587875114768,0.05824564380646441
145,0.2852503796017888,0.1392328269037165,2.048729354601466
146,0.4807582189068944,0.1862995068697595,2.580566245100094
147,0.6041396007350318,0.2531564321119282,2.386428010914308
148,0.3112824883239967,0.1746145468307799,1.7826835963767818
149,0.27283318862681777,0.14530018321416394,1.8777208850774654
150,1.0523782455379298,0.629031109930036,1.673014623481787
151,1.8558205613044223,1.5821213722353327,1.1729950646468976
152,0.30398573032411325,0.22110375754025657,1.374855559696973
153,1.0560953759297724,0.5256683789997024,2.0090525093775335
154,0.8877195865322003,0.5324313852164199,1.6672938733154599
155,0.41926097993482336,0.2530466516227874,1.65685251018381
156,0.19637763353188764,0.08813135735718217,2.228237932793895
157,0.09033342593207025,0.06724445317700596,1.3433587703403245
158,0.4224937217184667,0.18093842055382117,2.3350138706046324
159,0.07260389253891539,0.07280488379968474,0.9972393162343016
160,0.2420533536394645,0.1141883554988544,2.11977265616977
161,0.3780895077763205,0.14553808119425785,2.5978733859467558
162,0.1586887038325236,0.08082449388310307,1.9633739255087197
163,0.067920273262981265,0.06540061416558611,1.0385265357144153
164,0.25636997375103276,0.11069480339886668,2.3160073090988256
165,0.07621786628076427,0.06915399851929359,1.1021469172097098
166,2.260532185486477,2.650498737021786,0.8528705009029763
167,2.1308914004004653,2.1601296931192064,0.986464566080511
168,2.881996985029232,5.565349283287287,0.5178465606253776
169,0.7277133691967,0.2953072771319059,2.464258166152979
170,0.5198706002482373,0.24072714693445166,2.1595844376861844
171,0.769653954965119,0.34508121728771207,2.2303559753686004
172,0.8224559181999278,0.4267535372152994,1.9272386669990142
173,1.408901562689628,1.05289233284367,1.3381250093107262
174,1.3277413090549628,1.0124074879416605,1.3114692699027857
175,0.24001003564124257,0.10506270885284151,2.284445530311027
176,0.23017225010726486,0.09829114444826309,2.3417394455959277
177,0.26433212942964046,0.1181308318183415,2.2376218414860864
178,0.14927568231104274,0.08095646819148594,1.8439006251849042
179,0.1501427791361538,0.08814167962247038,1.7034254370831976
180,0.20368975619584648,0.1135883565060608,1.7932274263073618
181,0.2776517851148022,0.13536350195007188,2.0511569301539834
182,0.190963753263856,0.10468193721550409,1.824228308564135
183,-0.8629851249485039,0.2158458544303042,-3.9981547351290847
184,-0.8593544506587715,0.2144114611234462,-4.007968819185477
185,0.006357335276361407,0.15842268791604808,0.04012894466056724
186,-0.9782486265416405,0.824039360823274,-1.1871382279170506
187,-0.6454998501894796,1.3493078822401738,-0.4783932997692087
188,-1.5075584868416214,0.33986019997354255,-4.435819454466813
189,-0.3687442951702172,1.1304161370294683,-0.32620225693098415
190,0.7259129863952056,1.4976978964698138,0.4846858556096239
191,0.24972697606597657,0.8678682489210989,0.28774756580440375
192,0.19993407530057059,0.5912555325051356,0.3381517200413409
193,-0.20370053571284222,1.3569616865145582,-0.15011517107462327
194,-0.55283493708378,0.7741745202112086,-0.7140960114948717
195,-0.31222081461998585,1.7368298664351252,-0.17976476605669198
196,-0.6605295006230593,1.2817238205107457,-0.5153446398147217
197,-0.24763495368118993,0.16856733523379958,-1.4690565840512644
198,-0.16828129304359907,0.35319868587912934,-0.4764493747329168
199,-0.14307822002514992,0.24846776006470175,-0.5758421937232094
200,-0.06669922417419326,0.26689334790218766,-0.24990965379413468
201,-0.5241920156827485,0.27799574663605037,-1.8856116398392821
202,-0.0659511596085335,0.08523181738702976,-0.7737856780532487
203,-0.022438109425777862,0.09300832656893156,-0.241248394133274
204,-0.06594827786307923,0.0946374792674746,-0.6968515895979133
205,-0.12543775979294763,0.1392151017009637,-0.9010355791887432
206,-0.06719116379693184,0.16664349822403587,-0.40320303229952537
207,0.016392000073729353,0.10835972831781635,0.1512739126260268
208,-0.041306816802815075,0.11659234844852105,-0.35428411343007854
209,0.5629707888566796,0.28765982362272485,1.9570713134936562
210,0.411224510717184,0.5186129683511322,0.7929314070657026
211,0.2706137720344721,0.47376001431616166,0.5712043310051895
212,0.23224297444263028,0.5071451630906695,0.4579418110335185
213,0.8494975938619636,0.23495866783979377,3.6155192812090347
214,0.049283478974520165,0.14243237297615072,0.3460131846765786
215,0.026875091032814505,0.17892029044940044,0.15020706128584627
216,0.11337116806344562,0.21257724466853914,0.5333175158997827
217,0.4291401417984996,0.20512041939165232,2.0921375993245657
218,0.10691237657537117,0.21815034296877014,0.49008575975824376
219,0.06699866349998253,0.18300892911417388,0.3660950524342123
220,0.09708168679986244,0.15178254974773944,0.6396103304445135
221,0.018174205736451534,0.1035495912726054,0.17551209534575551
222,-0.023667969935049465,0.11408632186594356,-0.20745668321974978
223,0.03142713798602861,0.12219630481697447,0.2571856655821152
224,-0.29720358690026744,0.11236538617508748,-2.644974551479452
225,-0.16198521768598836,0.1475504418798356,-1.0978294312253458
226,-0.07205367329109857,0.16547323555172921,-0.4354400459437055
227,-0.132635959253812,0.11453372280771283,-1.1580515851780218
228,0.013574331651023359,0.0668253996265199,0.20313132022986566
229,0.10916994948041393,0.2083324400242933,0.5240180044340853
230,0.019230284554467195,0.06575954993787746,0.29243333588252807
231,0.016214593512031895,0.06316940076862723,0.2566843014930861
232,0.007355069619840197,0.0634068651300765,0.11599800123774584
233,0.021663826415898747,0.07069366070184874,0.3064465215242731
234,0.019122118194581955,0.07193689804418085,0.2658179420363371
235,0.14507694285117625,0.2596701222142814,0.558697094660193
236,-0.045639697360717484,0.09484099275798762,-0.4812233195109997
237,-0.0608812150735303,0.12560542636302052,-0.4847021091077187
238,-0.008090876275865234,0.10501441245143943,-0.07704538917081122
239,-0.012815793128661681,0.11577812504814043,-0.11069269884386958
240,0.06501592129631178,0.11823183839519884,0.5499019737728442
241,0.06208830472220982,0.12603918553948187,0.49261112293335635
242,0.050902082038239545,0.06470568491482762,0.7866709409728401
243,0.016148317070322247,0.06358828629562426,0.25395112859698926
244,-0.058765019795815936,0.07159740304527862,-0.8207702695397009
245,-0.0010851587444290853,0.07586942748714018,-0.014302977897296234
246,0.03995770297228966,0.10914789137414728,0.3660877225316148
247,0.01534277203001987,0.11713138070076166,0.13098771600085904
248,-0.0556852210913627,0.06926334058173042,-0.8039638374885254
249,0.066262901952654,0.09465112933309046,0.7000751329597521
250,0.04787862558443992,0.08662153651305282,0.5527335061439967
251,0.1421056159973794,0.09602324304841947,1.4799085251236828
252,-0.1579039137101895,0.08899698783587909,-1.774261326702235
253,0.05630921847785509,0.21655073749302958,0.2600278305663475
254,-0.0637986294846107,0.10423978185354443,-0.6120372505599345
255,0.02176694508961964,0.13927830044524073,0.15628382181600234
256,-0.009567676286252623,0.06647347684399593,-0.14393223794667215
257,-0.005962080324765084,0.06703815752868539,-0.08893562330101229
258,-0.003911302108676749,0.06646840766691019,-0.0588445284905464
259,-0.008538056550411014,0.06628122854050095,-0.12881560493698244
260,-0.12274067695733921,0.07916498755015938,-1.5504414357366005
261,-0.021191363895570327,0.10932578712069126,-0.19383682892834714
262,-0.022130432026846024,0.08396235758610447,-0.26357563869202916
263,-0.06429400933702614,0.08198089884445527,-0.7842559699060269
264,-0.03694981832823717,0.07747176275407669,-0.4769456252793578
265,-0.0047515128406176105,0.11374580071800985,-0.04177308358307845
266,-0.03228607701182236,0.07759837261532852,-0.4160664189682333
267,-0.02404808287070426,0.07823384267812232,-0.3073872130970908
268,0.03641476945821913,0.06272804574767474,0.5805181561800685
269,0.0037889409323064943,0.06278551554492547,0.06034737310702435
270,-0.005690766471555222,0.06284000704079823,-0.09055960906975313
271,0.011865150776337399,0.06242127268178301,0.19008184656574806
272,0.005459828654419943,0.06242026938518217,0.08746884158298812
273,0.0022421086758249386,0.06252898897378488,0.035857107441237164
274,0.01680309245155282,0.06263862581515345,0.2682544872733757
275,0.0042603957585551225,0.06251495901110056,0.06815002082619329
276,0.003250176449691944,0.06251575024465536,0.05198972158171948
277,0.005979726568520447,0.06235826723424912,0.09589308416889739
278,0.0027403004720752506,0.062332123867424566,0.0439628926796021
279,-3.065484031895419e-4,0.06230975544478364,-0.004919749740651647
280,0.14625281846342056,0.08588460311181498,1.7028991596201584
281,-0.029734568292237314,0.0830228631301538,-0.35814915519864493
282,-0.056022665980146394,0.0835001891934982,-0.6709286113151541
283,-0.0359674146945848,0.0883105181852571,-0.40728347464944825
284,-0.020144717838536726,0.08573791608661883,-0.2349569333850502
285,-0.024636873590287156,0.08693979380033447,-0.283378560189228
286,0.033975756795751724,0.06676958408698229,0.5088508077493895
287,0.007591309941831213,0.06583399690969567,0.11530987480897133
288,-0.013628712510028423,0.06539561355476169,-0.20840407741745345
289,0.002297467765431154,0.06460857091239215,0.035559798537356156
290,0.0052412893896254965,0.06442584718334746,0.08135382953846891
291,-0.0030986550834809744,0.06462190322603685,-0.047950538885281446
292,0.12049072585792293,0.06462796849936635,1.8643743359982652
293,0.042336496815791776,0.06399351012087706,0.6615748493217914
294,-0.004735551723957674,0.06393794831348068,-0.07406480578231552
295,0.06738430444492176,0.0637603893575994,1.0568364642034678
296,0.01322262181712646,0.06347665934253491,0.20830683205576556
297,0.0012556661140724116,0.0636072494792621,0.019740927714250508
298,0.07092637031947965,0.0718081843037274,0.9877198679677245
299,-0.021798615337803296,0.07084987771448084,-0.30767329515584935
300,-0.029573338982063838,0.07042769411069916,-0.4199106524143767
301,-0.02710979339437793,0.07934000888207282,-0.34169133299030285
302,-0.02562854342025744,0.07932093573244803,-0.32309935811528134
303,-0.017521380317702496,0.0803122290279542,-0.2181657828424093
304,0.01138238969862159,0.06225226750192706,0.1828429735233217
305,0.004259853118580942,0.06226952989236444,0.06840991293726291
306,0.003238116675492891,0.062251288914984805,0.05201686152900568
307,0.0032349361266161753,0.062289226875403905,0.05193411909072116
308,0.003747697054993858,0.06229163729101709,0.0601637269138582
309,0.0027220620119715174,0.06228976253414026,0.043699990194690314
310,0.005713335020324531,0.06221395925531979,0.09183365097979992
311,0.0034277022035562703,0.06221187335289502,0.055097234962090444
312,0.0035317299776874045,0.062212422152534044,0.056768887233295894
313,0.003999233223160664,0.06221191855389652,0.06428403618023737
314,0.0036874520607868963,0.06222277723440881,0.05926209379718522
315,0.0037394760470668654,0.06222287622335215,0.06009809051005337
316,0.01147660011426025,0.06221540162503997,0.18446557949472817
317,0.003224160174924176,0.06221172964655274,0.05182559934021754
318,0.003224996082287335,0.06222237448228251,0.05183016734929708
319,0.005813571864203639,0.06221379918087941,0.0934450546461783
320,0.003739862676020537,0.062201075540630736,0.060125369915470336
321,0.003739862676020537,0.062201075540630736,0.060125369915470336
322,0.010402302604548781,0.062253157113793436,0.1670967881280987
323,0.005286229858700845,0.06225383156595376,0.08491412858822094
324,0.0037463012838534217,0.06225403655507506,0.060177644553845666
325,0.004773892916324263,0.062237275467636806,0.07670472205690741
326,0.0042596323429962705,0.06222450150340723,0.06845586931320014
327,0.0032299008466263376,0.06222472090593087,0.051907036296863225
328,0.010391556616440912,0.07733625756934592,0.13436849600749046
329,0.06962073697023023,0.09291836294422723,0.7492677955596244
330,0.03003503370894013,0.07794160258179081,0.38535304271453485
331,0.09406660260441359,0.07498289066138629,1.2545075519855196
332,0.008454005329903896,0.10841521784296686,0.07797803203374117
333,0.028584785102084193,0.11119616841407658,0.25706627764042256
334,-0.01358977037808219,0.10712248666578796,-0.12686197642592997
335,0.03638996389863312,0.08720906439958927,0.41727272444863545
336,-0.005514650472499412,0.06371173122962381,-0.08655628039087541
337,0.0011897598179940292,0.06465997460001843,0.018400251861430364
338,0.004781687080815108,0.06375258753595797,0.07500381185497958
339,-0.003974933721680178,0.06317952143403635,-0.06291490710055908
340,0.008907059788873267,0.06336945240000383,0.14055762597804505
341,-3.5694940891392666e-4,0.06384341886563953,-0.005591013377042634
342,0.016502243019890027,0.7160569038768774,0.023045993873592355
343,0.01650219015403214,0.6912301070423045,0.02387365652321359
344,-0.029843570218612985,5.410615502594234,-0.005515744041376412
345,-0.010755859555894642,9.380352036027476,-0.0011466370893740664
346,-0.04445004270079364,0.1932242003129016,-0.2300438693953063
347,0.01158269818682903,0.1119049218783477,0.1035048145551688
348,-0.03287905480203526,12.473836532786532,-0.0026358414041754647
349,-0.03287704186764543,0.19479533609598046,-0.1687773564118912
350,-0.07406178659134025,0.10747319413378743,-0.6891186885089209
351,-0.04845476563476499,0.10998009849757501,-0.4405775799140004
352,-0.03780444348223057,0.10083984137702517,-0.3748959039005761
353,-0.0032492870213510416,0.9128765409078696,-0.0035593937139841232
354,0.01597747513088411,9.85522638553095,0.0016212184789931973
355,0.016159527708665966,0.08312460372810673,0.1944012600832644
356,-0.024557838264642445,16.556734670085334,-0.00148325371844084
357,-0.03294182509856522,0.7738499440124756,-0.04256875038041503
358,0.0220596386775513,0.19633906251834587,0.11235481312074642
359,-0.0065742339282414556,0.3995003602928437,-0.01645614017324635
360,-0.010474634458479608,0.12819329245308123,-0.08170969212225614
361,0.025962279562803812,0.24474651081357673,0.10607824183683363
362,-0.025993994833101653,0.6735671520989855,-0.03859154169276005
363,-0.022161832353523665,0.5389039460932913,-0.04112390067688828
364,-0.021780603819639584,6.128499341161392,-0.0035539864830126605
365,-0.035129099386418255,0.09618674982683198,-0.36521765679433266
366,-0.02993873436698772,1.5031163103261067,-0.01991777626342994
367,-0.0664584170532027,0.10169389878126812,-0.6535142997727632
368,0.015334319404899186,0.19576945774848384,0.07832845624264874
369,0.03351380537241858,6.727411344513015,0.004981679230860914
370,-0.003277848378989318,3.8439804402065527,-8.527224396628787e-4
371,0.0629275233468458,0.0882055062858163,0.7134194450734049
372,0.012370970543720203,0.3801361985678114,0.03254352148079731
373,-0.030311335705332294,11.06564690903683,-0.0027392285290233098
374,-0.043615091089698126,0.12613156626550873,-0.3457904502500805
375,0.13002831479738403,0.06828825620121737,1.9041094623099488
376,0.049087849591042426,0.06360300868423165,0.7717850241133672
377,-0.02524286927442216,0.06448956649849098,-0.3914256312300196
378,-7.928295515916579e-4,0.06459220330437533,-0.012274384694010793
379,0.003622379279236527,0.0666127259894879,0.05437968834676082
380,0.013598688400091541,0.06504894809168572,0.20905316379481417
381,0.24017768296381423,0.0655049378101441,3.6665584457149163
382,0.010811765097968076,0.06389830980780083,0.1692026773554526
383,0.03956721058447879,0.06400317896623778,0.6182069582098544
384,0.004587445174597367,0.06548622696949513,0.07005206112629295
385,0.06255429775949033,0.07095433111598987,0.8816135220446528
386,-0.0065649048081818425,0.07238252173664744,-0.09069737625427349
387,0.405753178648839,0.0670250241242152,6.053756547657042
388,0.28113435916137736,0.06523138968453247,4.309801776736321
389,0.23406168948000486,0.06895048103912216,3.394634612443087
390,0.16624158922986665,0.06856472542640475,2.424593523798257
391,0.06808350964686005,0.07144773785801796,0.9529134397810697
392,0.0317136780118767,0.07095499843727114,0.44695481235072776
393,0.020526424269783006,0.06695895523725241,0.3065523378770282
394,0.01381123074186049,0.06753251818755533,0.20451230181441063
395,0.020451011503570562,0.06690281704780783,0.30568236743987254
396,0.0022698658776465833,0.06669959599405617,0.03403117880727282
397,0.08304313261454821,0.06885641387846264,1.2060333662035656
398,0.06587842942990615,0.06897070048228628,0.9551654393712543
399,0.17795202783522227,0.0689669009621927,2.5802526335462668
400,0.09835189357257672,0.06924913055328892,1.4202617821590193
401,0.17197511408268912,0.07248059431776857,2.3727056283329833
402,0.07842121999550102,0.07524598744446002,1.0421980315347004
403,0.3623061504516573,0.06495932762057649,5.577430735857761
404,0.01990582208338251,0.06238773678035981,0.31906626383101994
405,0.04679736217354556,0.062446572784943345,0.7493984070944723
406,0.026425734128949732,0.06235293517835172,0.423808984346329
407,0.02218014862098984,0.0625643988674099,0.35451708995071296
408,0.009208683718829736,0.06245359204475499,0.14744842397905125
409,0.01618655535859784,0.06239078821682329,0.25943822511659237
410,0.008960178979612536,0.06231311989628496,0.1437928159354886
411,0.01996434690214292,0.06254556471236558,0.3191968446356655
412,0.012048154098189726,0.062294191651837034,0.19340734310394458
413,0.12840380421834488,0.06839740287137604,1.8773198809874871
414,0.04737599401399907,0.06384428487683243,0.7420553633797642
415,0.07731125034551972,0.06843682649926208,1.1296732227400013
416,0.03373918926666459,0.06544211915217728,0.5155577127355613
417,0.05591567880059576,0.06924118023397942,0.8075494757837143
418,0.02890408312780214,0.06627352287684533,0.43613319276106655
419,0.055780843387204036,0.06383762206629973,0.8737926254407131
420,0.03761131828649277,0.07255434091893016,0.5183882564451715
421,0.030423824417898385,0.06626824420490288,0.459101109180247
422,0.2566653466649703,0.0646513570607721,3.969991634107627
423,0.02945741658756666,0.06322410639063275,0.465920647506867
424,0.21704416369057564,0.06611300288288698,3.282927022314342
425,0.032409478245088774,0.06611482237602066,0.4901998837834501
426,0.17456500531230024,0.06942626460734022,2.5143943189166484
427,0.04795360475347401,0.06321254240099466,0.7586090185912131
428,0.04724063296881941,0.06609004649500665,0.7147919463544123
429,0.01434865172710616,0.07011548120339929,0.20464313274099757
430,8.918636291245442e-4,0.07015930112195713,0.012711979949375887
431,0.35321444036243543,0.0650283820060898,5.431696583337372
432,0.24738815961900615,0.06457513767294012,3.831012500073583
433,0.3535251598414724,0.06347875516989683,5.569188603262382
434,0.2581442164344558,0.06348000142452268,4.066543960957336
435,0.26400062696320997,0.06405984953388735,4.121155901615955
436,0.2719597320211619,0.06452956212127237,4.2144983334934105
437,0.0637299745097727,0.07080562307445304,0.9000693976347021
438,0.03741079611228607,0.07032455566229068,0.5319734445524045
439,0.07206277480381659,0.07166477102819105,1.0055536879545597
440,0.0377150801457937,0.07096069571162196,0.5314925363621642
441,0.06729963832129562,0.0722854515690912,0.9310260482632513
442,0.03709058751678405,0.07173983249868916,0.5170152511502139
443,0.08934470795682375,0.07314295829276009,1.2215079898630155
444,0.04973644915800078,0.07327895035279512,0.67872764168358
445,0.13038710255424255,0.0756567744295492,1.7234028748563377
446,0.07164773487545113,0.0753782024031544,0.9505099961425034
447,0.17848919271741395,0.0798809989217922,2.234438666599105
448,0.09673177763232653,0.07953948447030362,1.2161479078789066
449,0.043319252053501595,0.06987960073697605,0.6199127012266925
450,0.043862770659311434,0.07094859182767982,0.6182331393672404
451,0.03709058751683005,0.07173983249966445,0.5170152511438263
452,0.05778428199843679,0.07271147850187037,0.7947064643576239
453,0.08206399357896192,0.07492281906968241,1.0953137455043946
454,0.004278273978941335,0.09073712555105819,0.04715020398716434
455,0.36359987210126893,0.06694788347197564,5.431088381658424
456,0.021684055428008123,0.06379837734128369,0.33988412137837326
457,0.27381793665347265,0.06526118529339356,4.1957242336692815
458,0.04176470875994424,0.06317292713559093,0.661117200890545
459,0.20748355599898569,0.06415761217510801,3.2339663052404797
460,0.03682022334336037,0.06283228279506155,0.5860080472240035
461,0.17497950312817664,0.06355816181646116,2.7530611038354174
462,0.031199088687614993,0.06264034838308136,0.4980669726933002
463,0.1501707569215962,0.06302726155162593,2.382631788604533
464,0.031723977231142966,0.062451741516369466,0.5079758620154359
465,0.08526934208797636,0.06303785617836706,1.3526688129543112
466,0.08299097277108078,0.06285413234583219,1.320374169107178
467,0.06598840123277785,0.06264709389524277,1.0533353924305309
468,0.055547202905405976,0.06252221412603312,0.8884394719840404
469,0.05187826166769427,0.06243778242941874,0.8308793113582914
470,-0.14874449135431886,0.07056071339335844,-2.1080355370715327
471,-0.06016023256539294,0.0828756218871601,-0.7259098779048021
472,-0.09306652535948268,0.074525579715191,-1.248786332359282
473,-0.15970346143546196,0.0761044287718914,-2.0984778942910514
474,-0.19513181278753106,0.08241384757195262,-2.3677066237827127
475,-0.03979427195019856,0.0652446041740272,-0.609924337100048
476,-0.03476864390549123,0.06777822566627006,-0.5129766022009322
477,-0.02030437096927873,0.06823279854023723,-0.29757494055157563
478,-0.04749909055915734,0.06792485309405902,-0.6992888228022064
479,-0.05948460601584672,0.07168514475587372,-0.8298038068894698
480,-0.013567794766051352,0.1326278335716923,-0.10229975413657984
481,-0.04090343672351733,0.07062360928206692,-0.5791751106935246
482,-0.049215309690146716,16.517292209843266,-0.00297962335865303
483,-0.01806336800675244,0.7447387010005427,-0.024254638549715
484,-0.031418402709635015,0.1090050581308591,-0.2882288514714395
485,-0.03473115208878724,0.2754757380219651,-0.12607699080206455
486,-0.03906057981201225,6.675837159499496,-0.005851038435895689
487,-0.04991382131760591,0.561277738856402,-0.08892891675929433
488,-0.03838201219507608,0.2748885234621838,-0.13962755415053282
489,0.09825586054927012,0.12418580837312772,0.7912003942837922
490,0.07853456385685609,2.1955767911376567,0.0357694452655253
491,0.036212571163671284,0.12638586651980496,0.2865238982872874
492,0.008183548347621764,1.9918798646682143,0.004108454778212686
493,0.05256559067349135,0.7448464135801809,0.07057238877049757
494,0.06080930312011928,5.251955182393999,0.011578412421333834
495,0.0683990188102583,16.710766126457987,0.004093110889868946
496,0.10017578507421121,0.22141381967156773,0.45243691302921424
497,0.00847456071352432,0.09641814294869876,0.08789383879788458
498,0.0605274138209066,0.06952938185279296,0.8705300149087295
499,-0.016395887416498077,0.062283793865686554,-0.2632448410553699
500,-0.006258691434538092,0.06224456800300923,-0.10055000195736781
501,9.54360413670678e-4,0.062276477065378553,0.015324572914886942
502,-0.007252859924987305,0.06224564711308066,-0.11651995378586316
503,-0.005315330896509263,0.06224402514229298,-0.0853950380676402
504,0.0019112408047956293,0.062255724740671425,0.030699840259782937
505,-0.06127126468814742,0.06438230553929235,-0.9516786355336985
506,-0.11436861538469634,0.06466261824163234,-1.768697564291656
507,-0.048737971375622864,0.06435814283219131,-0.7572930049069814
508,-0.0161508086601876,0.06231423626275848,-0.2591832882631345
509,-0.019284731268629653,0.06230044326839486,-0.30954404586737244
510,-0.017726385320276383,0.062298957289244505,-0.28453743195051395
511,-0.17069392570310327,0.06772987395432507,-2.5202162020589904
512,-0.18536188234268322,0.06752510267140016,-2.7450810885059505
513,-0.1213879736872394,0.06416959144860643,-1.8916744044483953
514,-0.22834140088433297,0.06668725399311726,-3.4240636285293724
515,-0.34964726711478433,0.06801633417592796,-5.14063675073112
516,-0.24480541580669601,0.06991715938978076,-3.5013638703759655
517,-0.03512715580831624,0.06459406198600397,-0.5438140090327107
518,-0.07730798695990478,0.06391349220400622,-1.2095722560917892
519,-0.030808693397601356,0.06458091230006917,-0.47705571662493157
520,7.344455899104992e-4,0.062288209842690116,0.011791085211235857
521,-0.002894473308750236,0.062267359406849326,-0.0464846002194827
522,0.0027880246756346733,0.06231540659171134,0.04474053573784292
523,-0.07018551890542389,0.06828283528833493,-1.0278647424210579
524,-0.13941720128010673,0.06638081950329833,-2.1002633339466286
525,-0.08305673522251006,0.06584921094824188,-1.26131709137401
526,-0.1032812688745479,0.07001798861753543,-1.4750676349574823
527,-0.07298158813501918,0.06859224566371618,-1.0639918175710767
528,-0.007999701509739601,0.06807372337439656,-0.11751526305887942
529,0.4539364397241969,0.21627826783552806,2.0988536863509535
530,0.19556821001052194,0.1314734539163226,1.4875110083819125
531,-0.14659655615615078,0.0686601309623685,-2.1351045228343355
532,-0.12310007300604836,0.06789660762507237,-1.8130518933407045
533,-0.03513743323830551,0.06709664499004446,-0.5236839076457409
534,0.04975525107553733,0.0653130306940761,0.7617966973327137
535,0.011416714414633086,0.0654013623188645,0.17456386243104338
536,0.01676805406767928,0.06641262732121869,0.2524829199510064
537,-0.11155271058685233,0.066088832834665,-1.6879207243063998
538,-0.08813703967309254,0.07140547880360401,-1.234317606293315
539,-0.04641809452644057,0.06662612850207994,-0.6966950589811246
540,6.309807814664121e-5,0.07100567695641671,8.886342733605767e-4
541,-0.00456597380326497,0.06548706278579791,-0.06972329509112121
542,0.019291257931997034,0.0648133508713138,0.2976432736875403
543,0.07342238303494858,0.09719827671371717,0.7553877035413201
544,0.12403965543268623,0.19794980143041774,0.6266217724713808
545,0.2961812660876536,0.13026262243588307,2.273724116320764
546,0.055391428416362846,0.0966677768347593,0.5730081960097947
547,0.007244432421226065,0.08160837904612894,0.08877069371922174
548,0.0026336979970649228,0.07711927707693067,0.034150968433452326
549,0.072502240639683,0.09581593637930574,0.7566824828874915
550,0.0010662161527166133,0.07232189732724276,0.014742646309349284
551,0.010835744480937909,0.0773810972514536,0.1400308972839534
552,0.050952692182041466,0.08044301953481528,0.6334010393529476
553,0.01798210738356038,0.08179411999238888,0.21984596674227502
554,0.014932282593312477,0.08364560626905052,0.17851843341635903
555,0.045111028608576506,0.09417436664927586,0.47901600205689704
556,0.08482815212309146,0.13103872466615313,0.6473517835220682
557,0.05280699747178314,0.11946510042620596,0.44202865341750763
558,0.19691832812685195,0.16736999315369028,1.1765449972028643
559,0.12142736082914665,0.16048180287084574,0.7566425517220183
560,0.009222923533809744,0.15770801379228513,0.05848100747725552
561,0.18987794310981726,0.17308393145998335,1.0970281383613976
562,0.18986830199021637,0.157465694387884,1.2057756626183942
563,0.014602996457544815,0.15420152992191796,0.09470072355922306
564,0.16544031400505813,0.15652033176046534,1.0569892878724771
565,0.06804100788348545,0.16364050286210396,0.4157956416256067
566,0.03670937763501035,0.1743254823009332,0.2105795271608082
567,0.19378505268331203,0.14088268926089595,1.375506484863076
568,0.011819047969110704,0.12610276019508404,0.09372552948743032
569,-0.007124769040745836,0.11394706673874025,-0.06252700701003236
570,0.3399629215750008,0.12698908696956548,2.677103440049751
571,0.12473864937277081,0.12201870700982344,1.022291191486961
572,0.042609214275799195,0.11754721942943201,0.3624859395451638
573,0.2487077125000756,0.1451222924425135,1.7137802078105595
574,0.14194492941065154,0.12357649383118392,1.148640206644481
575,0.12333758435634559,0.14616489606386873,0.8438249379827257
576,0.04753711867234991,0.09964505844687936,0.47706448682241354
577,0.39470477226240286,0.1546664743049866,2.5519736842522516
578,0.03547429638972425,0.0627662891167601,0.5651807186455405
579,0.026503769429907162,0.0627207820636221,0.4225675853821868
580,0.039987681391185664,0.06262275854306652,0.6385487053190988
581,0.029611818412039685,0.06238119884652573,0.474691396760306
582,0.012700137939985619,0.06279115631145382,0.20225997872998192
583,0.016155994337296153,0.06258712720674937,0.2581360586167613
584,0.015774870676978275,0.06276894190659012,0.2513164982206283
585,0.010196530093712864,0.062440509262354636,0.1632999188214557
586,0.11910443083704521,0.10079756989470712,1.1816200624822741
587,0.0494207905421067,0.10238789958152426,0.48268194526987446
588,0.0063327655056009255,0.06227065071371718,0.1016974358388377
589,0.003711914827577425,0.0622531966225495,0.05962609197537796
590,0.06153901673459104,0.244614688923195,0.25157531220013235
591,0.03591314716271685,0.08313421325403723,0.431989980502676
592,-0.561242982468022,0.14065750793239915,-3.9901388181692994
593,0.06762437970133287,0.2186825796764136,0.3092353300450233
594,0.024107924746609482,0.08390386615718631,0.28732793672994117
595,-0.6339221677931417,0.13987044193757697,-4.532209657820742
596,-0.06449391481813803,0.06578725675887698,-0.9803405400307342
597,-0.061661577986729554,0.06745315955126986,-0.9141392100374744
598,0.016175870310144617,0.06362900963632122,0.25422162630849715
599,0.004751860951288598,1.7273510493290465,0.0027509526526957907
600,0.004272433780856336,1.7273510396691738,0.002473402153203672
601,0.006188616827577704,1.727350973153362,0.003582721128341444
602,9.103400111204851e-4,1.7273512192262959,5.270150048165878e-4
603,0.0172461681721753,0.06300212005555951,0.2737394893531594
604,0.022527316785991437,0.06304754001445327,0.3573068319688157
605,0.038805003198767715,0.06307941713891675,0.6151769461234768
606,-0.0016278518118909083,0.0625378927658832,-0.026029847503575676
607,-0.010793625660286025,0.06252315224219086,-0.17263406071523127
608,0.0073406767417157175,0.062310914684383,0.11780723776721437
609,0.031864893101547234,0.0672990038553507,0.47348238868492215
610,0.00856019440645701,0.06549187740203334,0.13070619970028893
611,0.010215639016368905,0.06226060777381374,0.16407869087114038
612,0.006094513080738134,0.0622860218229214,0.0978472039531563
613,0.009751510368398324,0.062329609259099125,0.15645068987777683
614,0.006551190318349428,0.06235607754194456,0.10506097523441386
615,0.004484153866469279,0.06221801890963164,0.0720716272400488
616,0.0012728233117849856,0.0622342158647147,0.020452146686508597
617,0.0017301341973903089,0.062229589685815705,0.027802436206399522
618,0.004258309404195794,0.062252044401135374,0.06840433025390134
619,0.006080790683012332,0.06242379523434195,0.09741142236201353
620,0.00494340275132052,0.062366190871290965,0.07926414427846863
621,0.007215929173430688,0.06267508722048178,0.11513233556494475
622,-0.003510058641511965,0.06406637476964389,-0.054787845482637036
623,-0.01119173098088633,0.06331840861178385,-0.1767531943120171
624,0.008184096260695502,0.06315736990377913,0.1295826009405403
625,0.005045967712726061,0.06506857211038242,0.07754846232319458
626,0.0034735341905963997,0.06485947919047019,0.05355476537817723
627,0.0019278100047985676,0.0635124884692706,0.03035324313786421
628,0.016607981481046048,0.06360534584719302,0.2611098369144231
629,0.013919694315772922,0.06392759236516887,0.2177415698101139
630,0.018141290040319502,0.06321423920305236,0.286981070547212
631,-0.01056858630555617,0.06653742191791631,-0.15883672677600996
632,0.0011564042723541832,0.06427157057587941,0.017992469485227924
633,-0.029219283738351698,0.07449182003498764,-0.39224821899408363
634,-0.003907769514533096,0.07126208469653919,-0.054836587102017165
635,0.10834640411531885,0.1213006344902897,0.8932055843779789
636,0.015094498492994195,0.16777924021688395,0.08996642536634403
637,0.17437973302963156,0.16630233424510818,1.0485705677024253
638,0.08805210014394245,0.14952639950300103,0.5888732721219253
639,-0.09188551195203816,0.1250908209308008,-0.7345503952113998
640,-0.05165888509069089,0.12413887705692389,-0.41613784750930766
641,0.11656825638300697,0.09027801911006379,1.2912141574671796
642,0.061990337911397346,0.10920148345265887,0.5676693754647706
643,-0.2524788144715773,0.2717587625012522,-0.9290549167496077
644,-0.3415345285434791,0.23022860635981673,-1.483458263260761
645,-0.510018391110285,0.26264077494353355,-1.9418857990345804
646,-0.45882595892165395,0.19822480291789615,-2.3146748144917955
647,-0.046104170868241486,0.12965915154897728,-0.3555797667766332
648,-0.024208565607261492,0.16501550081223385,-0.14670479735602346
649,0.10115267676858064,0.18253580919062098,0.5541525096752251
650,0.03738499293525639,0.14364815544471649,0.2602539017609881
651,-0.09290695212378178,0.13546326838103367,-0.685846083843565
652,-0.016430627792463296,0.12502120877773273,-0.13142272381699865
653,0.1898135944837697,0.10340092058530463,1.8357050731204616
654,0.09525661173690897,0.11617427608283651,0.8199458171702961
655,-0.26234630471342785,0.3169957338828478,-0.827602004291904
656,-0.35619343800140546,0.27511587294297507,-1.2947033342392273
657,-0.5158800881057118,0.33288725792052126,-1.5497141324312305
658,-0.6086891137085365,0.3212114847577174,-1.8949792974172672
659,0.2677578244469631,0.3997820341697965,0.6697595228434909
660,0.06461934727332883,0.17745986421406637,0.36413499784593417
661,0.21609328820569987,0.1313438805136755,1.6452482396635166
662,0.004260176494348266,0.1512774587918223,0.028161343589270825
663,-0.0950438412411199,0.12909500613091868,-0.7362317419523836
664,-0.09263029096525725,0.2437686678764903,-0.3799926043497519
665,-0.11692270155152848,0.288081573741222,-0.4058666440657459
666,-0.030653359000707557,0.10046731240083943,-0.3051077834988591
667,-0.1194030760923786,0.18035310661584186,-0.6620516737020291
668,-0.10651812714426379,0.16907644266118213,-0.629999812319916
669,0.042947225365270694,0.062229006064759895,0.6901480206927423
670,0.04596796952525696,0.062188792496795604,0.7391680667802892
671,0.054184135833415914,0.20726946820492306,0.2614188008619059
672,0.09660920175349304,0.19274232594721552,0.5012350104146324
673,0.10234721529211187,0.17930079929121026,0.5708129338892979
674,-0.21442681041606199,0.14581357241384765,-1.4705545366344666
675,0.04836540954726011,0.16849708680533076,0.287040034129124
676,0.27934320500950505,0.1579290003392602,1.7687898005396419
677,0.16778293838929798,0.17382829775967376,0.9652222368377915
678,0.2078693474388162,0.17078117538088655,1.217167799525992
679,-0.12075911010024294,0.18350191346595704,-0.658080931252229
680,-0.21365980998536965,0.1797865306223563,-1.1884083265067535
681,-0.14180219106855055,0.18861711311814688,-0.7517991804896718
682,-0.00923449409769796,0.20664212595955753,-0.044688342489784816
683,0.10445471876770104,0.1035244172155193,1.0089863007897453
684,0.044066427729116724,0.1010979127944127,0.4358787091750138
685,-0.0031838980570490323,0.11552860548996281,-0.02755939140393806
686,-0.008014211432497009,0.09022495771761316,-0.08882477349094423
687,0.004255002174591164,0.11075662158483975,0.03841758726210176
688,0.021492403859903756,0.11318833960046765,0.18988178407570666
689,0.03510676212562769,0.10481216130345553,0.33494931970714226
690,-0.007455458585086425,0.10204721495060026,-0.0730589128639671
691,-0.06585857608721013,0.12824616150327586,-0.5135325323988575
692,-0.05782317115417793,0.12142307569462323,-0.4762123741586165
693,-0.05782317115417793,0.12142307569462323,-0.4762123741586165
694,-0.02895619336676883,0.11220254496402744,-0.25807073606086467
695,-0.015253701768117842,0.1037400316019108,-0.14703775902683341
696,-0.026295661635926428,0.07170551870111806,-0.36671740351717746
697,-0.029466204746637255,0.09765798063539097,-0.3017285894600895
698,-0.02394503591244068,0.16845164498564338,-0.14214783069931694
699,-0.08514979311124987,0.15410209080825873,-0.5525544310569891
700,-0.0016114482599557563,0.06333068519320782,-0.02544498381850104
701,-0.004229884162091717,0.06440172844618096,-0.06567966829689259
702,0.0023566664789829612,0.06420844408007975,0.036703373095971055
703,-0.026751297480765778,0.07922765438518312,-0.33765100946581494
704,0.004241661223559521,0.07128626207413116,0.059501804417078044
705,0.03300269198548309,0.11215554233550058,0.29425823546694896
706,0.007311236035901314,0.08566543928661889,0.08534639052558203
707,0.04010574746431894,0.11078802932534407,0.362004340257222
708,0.05796085993545397,0.0870441443345316,0.6658789098172582
709,0.004814472981479953,0.1482937168310037,0.03246579210747379
710,0.15946259673543642,0.257246673300365,0.6198820559644149
711,0.08182543562060474,0.1966904350626245,0.4160112594928789
712,0.13151560098968867,0.2992366726158881,0.4395036204620122
713,0.14480566514120807,0.15574624357568212,0.9297538214515095
714,-0.06077833893592508,0.12165426855837537,-0.49959890151130054
715,-0.1510698341437755,0.19239651774836594,-0.7852004595081014
716,-0.39565916281979346,0.117921691254902,-3.3552704223392484
717,-0.06830415257930006,0.20200672737623868,-0.3381281082391043
718,-0.24056306303737382,0.16433523197608535,-1.4638556817346473
719,-0.12022199811824137,0.11252320967173525,-1.068419559564341
720,-0.16359544785216873,0.09061564106695234,-1.8053775918364299
721,-0.06667092125871413,0.1182689085982936,-0.5637231462511024
722,-0.0919431749228406,0.09415785643080711,-0.9764790577024871
723,-0.04616782222242686,0.09147849569958275,-0.5046849739860495
724,-0.19680622113103732,0.14537824075857034,-1.3537529420092065
725,-0.21414984346410681,0.12899143234812535,-1.6601865687184074
726,-0.10397270982532465,0.15193967650736026,-0.6843025614858934
727,-0.12659614590493462,0.135450535992153,-0.9346300845370494
728,0.019647858249955734,0.0898705548555802,0.21862397847136214
729,-0.02126568520097974,0.08153369179483887,-0.2608208304180563
730,-0.10533454893274492,0.07784241824023104,-1.3531767295264372
731,8.318099364932499e-4,0.08552260772098647,0.00972619940690994
732,-0.07181068778875475,0.0809079353794904,-0.8875605025877136
733,-0.0144420015912964,0.07875629525480451,-0.1833758373800013
734,-0.040697336624143605,0.0896013195251639,-0.4542046572507679
735,-0.02421140722661881,0.09648769258185547,-0.25092741445836764
736,0.06620719698443878,0.13969281265778688,0.47394848542873974
737,-0.0041944680594859516,0.15210580076805677,-0.027575990122046798
738,-0.1577478526505513,0.12026513810754719,-1.311667330473484
739,0.002602826146335417,0.1671693146225597,0.015569999507458422
740,-0.07789251781244627,0.12922763723552802,-0.6027543293272533
741,-0.24161151095358066,0.32758687889095134,-0.737549415201118
742,-0.2776118410225345,0.29221341174167775,-0.9500311411714008
743,-0.8765824547989688,0.38640812556132165,-2.268540428660986
744,-0.14092857877011544,0.42231147832742955,-0.3337076683974232
745,-0.46673570125853125,0.28554962407179185,-1.6345169522660141
746,0.02171517846279252,0.12278245205261164,0.17685897373582082
747,-0.005977100269267572,0.12046408794898603,-0.04961727906659407
748,-0.2879505683730263,0.2147028269658356,-1.3411587189713445
749,-0.009481083529351961,0.1349459280666235,-0.07025838915770101
750,-0.1252086549455797,0.22617808444858856,-0.5535843813110031
751,-0.010749956440966945,0.07363357372223064,-0.14599259410549886
752,0.02002911586093266,0.08006552605659063,0.25015904906158987
753,0.07739191861479901,0.07810903366279352,0.9908190510832539
754,0.012140747027942784,0.08751743009836081,0.13872376067599107
755,0.041492177113522946,0.08334155283391972,0.4978570197294881
756,0.0073013805883189765,0.06896246004085835,0.10587471189387836
757,-0.0028998243444966114,0.07596302089200589,-0.03817415777367774
758,0.011572898566795397,0.08153031513037859,0.1419459565229042
759,-0.006078128138334436,0.0807772838653627,-0.07524551269222284
760,0.009536393398364552,0.08749463222533643,0.10899403947209269
761,-0.023489209965302293,0.10516722654026629,-0.22335104516908388
762,0.011151227399480141,0.08381109738406253,0.13305191970437857
763,-0.020120255558210356,0.11188822172456268,-0.1798246075242912
764,0.0019472866768614123,0.09805308431019345,0.01985951477774142
765,0.020930966560903312,0.0647385517004574,0.3233153354704323
766,0.006691874900237768,0.08117752405922318,0.08243507027087572
767,-0.07943258534623761,0.08827125847963775,-0.8998691840851115
768,0.013994336271453574,0.0869830315082992,0.1608858190935591
769,-0.04243734107002291,0.0956051928318241,-0.44388113043893984
770,0.004493529670180559,0.07898570135506165,0.056890419317554106
771,0.0030123089626129,0.10477354292052239,0.028750664324656217
772,-0.15722613925517243,0.11782179968895619,-1.3344401432522826
773,0.011935568885458676,0.11636280398961706,0.10257202882910656
774,-0.08602334997990424,0.27875684908318854,-0.30859636368695126
775,-0.11323333599323387,0.14839295522822377,-0.7630640943775566
776,-0.008591515886766207,0.0695962032063253,-0.12344805450515382
777,-0.01732734830098843,0.08137854429376229,-0.21292280970816754
778,0.004255636884013133,0.07208962108785888,0.059032587767753636
779,0.004252952688478494,0.08688537441653651,0.04894900571055199
780,0.0035763746484058345,0.0621038685445253,0.057586986643863525
781,-0.010286387280506482,0.06716721562586336,-0.1531459534932041
782,-0.03035138944979863,0.07004220855569962,-0.4333299888118507
783,-0.008322691133141073,0.06851208676010288,-0.1214777060036607
784,-0.03128805001408863,0.07237682953794454,-0.4322937356310343
785,0.013776276412152635,0.07232598527963861,0.19047478383997854
786,0.06675488699716792,0.08042277391561216,0.8300495462543235
787,0.07230549784786015,0.07385797420647945,0.9789802472204403
788,0.052081180537332586,0.08325761589833705,0.6255425401674615
789,0.05499499567250016,0.07761179046984172,0.7085907352423474
790,0.07704747545222079,0.2899687500062181,0.2657095823276425
791,0.047649834596987274,0.21984059344779588,0.21674720691791788
792,-0.32179783167977993,0.23491311687381367,-1.369858933218435
793,0.08786523509645025,0.1929253337790789,0.4554364809189123
794,-0.2082459692486776,0.25287726793592397,-0.8235060863653613
795,1.2527703455599264,2.862459968943297,0.43765514947005457
796,-0.03565943964953027,0.06730535724641647,-0.5298157696269993
797,-0.022786245801219684,0.07212522023185587,-0.31592618681745915
798,-0.0469335086770824,0.0709945596202838,-0.6610859892378721
799,0.04116189646953063,0.10052887388100218,0.4094534722258473
800,0.03797613741519441,0.10826031234946748,0.3507854040971757
801,-0.20422441721023632,0.23397686183587466,-0.8728402270541243
802,-0.03889506106773538,0.2717939382203291,-0.143104961510235
803,0.012694594396457573,0.3015156968448247,0.04210259873465512
804,0.057740531146215225,0.08699400974673509,0.663729966170254
805,0.1511496889814668,0.14161725951384055,1.067311212632911
806,0.1595288284925353,0.25725243037043466,0.6201256418173359
807,0.08183133021320066,0.15612544324316605,0.5241383371815189
808,0.13155875501848593,0.29923810141868906,0.43964573493403863
809,0.14476287166775068,0.15579802838444004,0.9291701131835923
810,0.12913896649629675,0.06267943917243915,2.060308263783582
811,0.13725448146406138,0.0621640916275394,2.20793834302979
812,0.15388617727655335,0.06724835521718843,2.288326261356956
813,0.07292236469070415,0.062280055940589024,1.170878278598002
814,0.12482966932945772,0.6256551158485328,0.1995183387258967
815,0.22089672359838142,0.2557503578376017,0.8637200959016765
816,0.017778545557226452,0.23292919971910853,0.07632596333420526
817,0.060799003249655446,0.08169116983081909,0.7442542856904738
818,0.05216070391589872,0.12290965328847064,0.4243824835586903
819,0.05274716465577485,0.22165702802625697,0.23796748122746889
820,-0.41664609956146775,0.11484165233482477,-3.6280050930190537
821,0.2177933472231199,0.24086909839150555,0.9041979592962207
822,-0.3356212056797966,0.1903189646775615,-1.7634669579482332
823,0.07595308926925373,0.08160769535412082,0.9307098912629499
824,0.06696216699863286,0.12380048809392928,0.5408877463215465
825,0.11521422581951689,0.22096939440371396,0.5214035460902744
826,-0.4234957027695412,0.1157465645518404,-3.658818768481604
827,0.25001253180478605,0.24056024331780373,1.0392928122977283
828,-0.3023298491206852,0.1910431868118009,-1.5825209690336366
829,0.05774054403319407,0.0817099957729399,0.7066521480878126
830,0.09334629846261293,0.1245597110159218,0.7494100435949227
831,0.11521437565016042,0.2202972489647151,0.5229950723016712
832,-0.41892409584524926,0.11435819187914192,-3.6632626745968855
833,0.2132139747722446,0.24340687767033786,0.8759570674950873
834,-0.301253681220595,0.19129697769739493,-1.5747958219033453
835,0.03876527592392403,8.418522310001299,0.004604760134432434
836,0.03955965482651755,0.2189902167786453,0.18064576312331038
837,0.008686339612212742,0.31103417825675783,0.027927283300172218
838,0.010295580827597184,0.5102711084550272,0.020176687758728135
839,0.03162968374134917,0.5803426669711003,0.05450173757933303
840,0.03281846295455676,0.45790835210185105,0.07167037422208244
841,-0.004436054050132861,0.12236685880331456,-0.036252087317719894
842,0.015223214459752731,0.23024011633496835,0.06611886191720388
843,0.15789116206954507,4.219839212356808,0.037416392929663735
844,-0.030593225734020173,1.4947981092666416,-0.02046646001514507
845,-0.11507449020595319,0.1183419914181307,-0.9723893338871352
846,-0.2452308014744519,0.08091627108464168,-3.030673536820927
847,0.19984829109692184,0.06504574746496355,3.0724266979108625
848,1.037632423469512,0.07082814154558609,14.650002115355177
849,0.19835006091932755,0.08487959236801658,2.3368404039846413
850,0.433662052219615,0.06660207121490765,6.511239730372646
851,0.2602341070203983,3.606319758362243,0.07216057489549396
852,0.05527707894664539,0.12672905417315222,0.436183157108703
853,0.11987867828892722,0.3203532117363792,0.37420782404259517
854,0.0552301636481659,2.861639064548496,0.019300185104539035
855,0.0043411880593416845,0.3129721745979636,0.013870843518016476
856,0.055246133979315354,0.3542470290075979,0.15595369743561188
857,0.04057643303914371,0.07313444943504739,0.5548196964985797
858,-0.14123790385293353,0.8258947353030051,-0.1710119919835983
859,0.1925197091863794,0.9561320210395957,0.20135264267904557
860,0.09081457454084271,0.1310206918617489,0.6931315447232481
861,0.31025893637998786,0.4350061168222146,0.7132289050243161
862,-0.012294677675217776,1.57456153155062,-0.007808318334254007
863,0.1940514214598528,0.24086114515062515,0.8056568083594413
864,0.05052982991846727,0.8294987824606577,0.06091609895866707
865,0.1035066406405912,0.16535462647564303,0.6259676118335756
866,0.638761365894102,0.07244599804631134,8.817069032381495
867,0.5336015641906946,0.101898086265505,5.236620075477627
868,0.34312687626078614,0.10576087983246027,3.2443648048725215
869,-0.07755488723834184,0.27959932700763535,-0.27737866206031303
870,1.0223034578011927,0.09179609319031105,11.13667719694519
871,0.4703681222858722,0.06573940223355429,7.155041060683541
872,0.004370391510442456,0.14899719222034652,0.029332039384871382
873,-0.2011509509936751,0.076136906717395,-2.6419637947770496
874,0.02362258837772449,0.07745697643274213,0.3049768977005782
875,-0.07293902170424553,0.09238788759033646,-0.7894868429903875
876,-0.1412612010059785,2.0445839331886293,-0.06909043875037925
877,0.26064654328927517,0.07447529309775011,3.4997719706476627
878,-0.047191386217673756,0.27818684434125995,-0.16963917301489176
879,-0.038992527684099915,0.9011015923165012,-0.04327206612060258
880,-0.03629993766278485,0.2547455302853403,-0.14249489528678017
881,-4.3043413519054056e-4,0.8104981257484672,-5.310735725552102e-4
882,-0.02881991616401383,0.2406586340656192,-0.11975434114761763
883,-0.04733696327827965,0.08923917601208568,-0.5304504747093227
884,-0.1148545722909131,2.1147207453016725,-0.05431193340590636
885,-0.008651481660107038,0.06473692133787878,-0.13364061004620084
886,-0.06603931070973765,2.056979364421946,-0.03210499427071115
887,-0.024680022383032366,0.12979711892085102,-0.19014306779861573
888,-0.05372964217299045,1.0789572748561074,-0.04979774771911703
889,-0.023263672254571266,6.511028773355608,-0.003572964129688802
890,-0.048055490626671075,0.22194741140973692,-0.21651746385073117
891,-0.023224164603755128,0.18012969583638958,-0.1289302382703708
892,-0.028538643461787524,0.2153106903499206,-0.13254633764541293
893,0.03191378654503873,0.7117274914394351,0.0448398957872129
894,-0.053922052886204185,6.907755495372334,-0.007806016429262417
895,-0.004961816631250608,4.726246702254388,-0.0010498429184587117
896,-0.0918451045946377,2.4950774122106867,-0.03681052305036947
897,-0.0036962513885191763,0.13086511787482968,-0.028244741215566544
898,-0.22095137613999768,15.335490280520348,-0.014407845598562799
899,-0.019601776603327382,0.9038852197104461,-0.02168613467272613
900,-0.0757748062335676,0.07475228613735936,-1.013678780262711
901,0.05071226702509603,0.18680213581456198,0.2714758415580321
902,-0.11940925819611596,0.11560134545934096,-1.0329400382118763
903,-0.045088450614299114,0.21218413957663296,-0.2124967997337749
904,-0.06294507561831111,0.4682511031591615,-0.13442589925285384
905,-0.10539293244101669,0.231066731064454,-0.4561146987950346
906,-0.018586953314771483,0.0789036115339547,-0.2355653049768569
907,-0.11745327323047267,0.06724698275682923,-1.746595436931254
908,-0.042369847896077374,1.2453062702255795,-0.034023636521481854
909,-0.0162383861342531,0.06305585337304019,-0.25752385013626494
910,-0.006859568664984947,0.07124868553027279,-0.09627642410427896
911,-0.0015844657536491034,0.06580176234487274,-0.024079381724531647
912,-0.0659898857236135,0.06558239431455289,-1.0062134268399254
913,0.015318400290244423,0.06381017281446942,0.24006204049600793
914,-0.018317019591931494,0.0634170837915425,-0.2888341515693333
915,0.01952749193887985,0.06569167074719034,0.29725978524781316
916,0.01629110013382128,0.06386867208376161,0.25507184668652655
917,0.05607517144882197,0.06330934507392257,0.8857329258950053
918,-0.003688558760634662,1.6367742609089446,-0.002253553742094103
919,-0.003699353521822193,0.480858867616098,-0.007693220965565381
920,-0.0063324356839882115,0.07328424296089756,-0.08640923925989144
921,-0.00914465713175765,0.07327231313119065,-0.12480371836200353
922,0.0014787523763254502,0.20452557435041974,0.007230158776094475
923,0.12822467618910907,0.11924506571669807,1.0753038326444864
924,0.11492918035791554,0.10439369032310074,1.1009207549058495
925,-0.09514492043036019,0.297264607634776,-0.3200681076277225
926,-0.04419396020829053,5.3737737592795085,-0.008224008339014231
927,-0.15187082319620804,5.415054574319508,-0.02804603741510641
928,-0.2615578283708199,0.05306622476653708,-4.928894593906652
929,-0.19613587787297052,5.061503035218323,-0.03875052064737335
930,-0.04353480464031534,1.3692421328803284,-0.03179481816611633
931,-0.020645105898939167,0.6952555370878021,-0.029694270376349332
932,-0.1488066362354607,0.35546301970301536,-0.4186276152151824
933,-0.1331241487971023,0.43124809477754417,-0.3086950421561243
934,0.15378378187211028,0.06454993645226742,2.382400205549829
935,0.12908745500740454,0.07199760115086569,1.792941055590328
936,0.016019300037669996,0.06886208335670839,0.23262874512072734
937,0.2995124730213293,0.0797412089930592,3.7560563327726735
938,0.10042629374711926,0.06952690865488727,1.4444233993720066
939,-0.01394290768078417,0.067831498834717,-0.20555210957019304
940,0.2116023860521028,0.0917686842464949,2.3058234711498
941,0.015788690847158032,0.08834517906615479,0.17871593010564976
942,-0.10635374380569097,0.09745158824171281,-1.0913495174844952
943,-0.06688921062358161,0.10185024463668305,-0.6567407949012461
944,0.00426263399143824,0.07914098499904848,0.053861270383348016
945,-0.007807722382052735,0.0743443176837507,-0.10502110484442921
946,0.1738624980037721,0.22133554284194706,0.7855154927734544
947,0.10285100390491768,0.2270916556906314,0.4529052535731755
948,-0.08661466508488139,0.26126866169089835,-0.3315157069520777
949,0.7001639526978578,0.18722168728090283,3.7397588007384477
950,-0.060242308945165336,0.17327472509891484,-0.3476693378724201
951,-0.3461210977528409,0.20423351010137908,-1.6947321601681844
952,-0.027768079164374338,0.06762062118763122,-0.4106451357097784
953,-0.006439805363810645,0.07236056759648872,-0.08899605928634444
954,-0.00340991463846008,0.06514755009328448,-0.052341410130963315
955,0.08790249851503902,0.06638559308082871,1.324120105517655
956,0.014327178724694068,0.06451050606487933,0.22209062676217384
957,-0.01791703043709373,0.06518927463600215,-0.27484629238685643
958,0.06152392839465939,0.06504796865915488,0.9458239767184564
959,0.020801781333000376,0.10478452245132162,0.1985195985663244
960,0.012515974167663702,0.06598181933040824,0.1896882246454762
961,0.03725143860238856,0.11138291326377853,0.3344448220183395
962,-0.0013306286291788986,0.1127638648428587,-0.011800133234464666
963,0.02089892945724616,0.12002021671453245,0.17412840960747614
964,0.030435483276745806,0.06863534460901408,0.4434374657856475
965,0.030435483276745806,0.06863534460901408,0.4434374657856475
966,-0.014828725456463888,0.07198812673101641,-0.2059884890722523
967,-0.021284429348982874,0.06999082789868123,-0.3041031230519837
968,-0.0213022319351659,0.06848055270747141,-0.31106980146849444
969,0.011306953107526557,0.21660655471610904,0.05220041989193625
970,0.008032510732563811,5.911367733771683,0.0013588244031366929
971,0.013174735608488766,0.6215055131638206,0.02119809934013583
972,0.011725977166898816,0.5442402972682792,0.021545587906215965
973,0.009864367187349083,0.10717792535859584,0.09203730296462531
974,0.008473252095405209,0.34522365510262293,0.02454423956807481
975,0.008982191850635961,0.260166736716191,0.03452475118075681
976,0.008042965013385781,0.39839983321760786,0.020188173645626695
977,0.018330404234521404,1.0748944183623625,0.017053213712327566
978,0.012736192746631021,0.8337629922776417,0.01527555536116898
979,0.005690859971292192,9.446360145864439,6.024394458201572e-4
980,0.011771546346694002,0.07036309896646763,0.16729715603208256
981,0.004251933642203366,0.07909728230785956,0.05375574884677004
982,0.03637334636069026,0.08113403297464758,0.44831182460825103
983,8.413453181781569e-4,0.08034977942286887,0.010471034571859647
984,0.01104773660854736,0.07931755313555529,0.13928488930648877
985,-0.04433742184840905,0.09026746120878455,-0.491178341061998
986,0.03529133773439983,0.08797615066708434,0.40114664561703584
987,-0.08486843256755547,0.07794810075614425,-1.0887812755446222
988,-0.0037893428916762313,0.0737546787017584,-0.051377661165052144
989,-0.020374998964079634,0.07118910521611936,-0.2862095106017166
990,0.09154984785804415,0.07250049536879191,1.262747894236487
991,0.022197961059039477,0.06641718564592433,0.3342201396093279
992,0.06942213062982723,0.07508655886939493,0.9245613552563999
993,0.02797231808930128,0.07603715988946938,0.3678769450353347
994,-0.04673885521290255,0.07534847837341097,-0.6203025757371604
995,6.343422654202049e-4,0.06451481565326435,0.009832505278004436
996,-0.025048094222246554,0.06662384179325344,-0.3759629218017117
997,0.13748080740325277,0.09893820289624898,1.3895624074294264
998,0.1266005551878588,0.10401814031024899,1.2171007365662807
999,0.12114957752641783,0.12001647107768765,1.00944125784199
1000,0.02275288660814079,0.09604573009557345,0.23689638868380497
1001,0.004260880901466482,0.0652198327150362,0.06533106148989172
1002,0.00245417028278623,0.06659775060215686,0.03685064826659098
1003,0.0042864576563165875,0.06427834742178375,0.06668587212097365
1004,-0.02846091172933144,0.06514281632359199,-0.43690023452400373
1005,-0.03558935570311023,0.06433065268165329,-0.5532254721435478
1006,-0.0017509806404444475,0.06436145972277257,-0.027205421505145107
1007,-0.005152041414630062,0.07403360768761635,-0.06959057616601665
1008,0.02904958882609881,0.07365630285752194,0.39439379522335344
1009,0.0467761944059019,0.0651151050093044,0.7183616520194198
1010,0.007589350939185927,0.06545881684228003,0.1159408511380845
1011,0.009188366184423508,0.06864011798086546,0.133862913624142
1012,0.012456643384544677,0.06894899798655985,0.18066460352292338
1013,0.038901515858975604,0.07947287944681658,0.4894942290974694
1014,0.06904183869612004,0.08083130740201971,0.8541472470899921
1015,0.07740911628369905,0.06626125529344726,1.168241017180884
1016,0.04068811202916311,0.06994291665541612,0.581733132886336
1017,0.06366507066338767,0.0858489590309288,0.7415939736724245
1018,0.10023290712725784,0.07181456778262581,1.395718309280242
1019,0.07144620019877576,0.06541266201907225,1.0922380773609903
1020,0.014637246254460265,0.0634463877412617,0.2307025943565434
1021,-0.06145231941102933,0.0923957672042817,-0.6650988597254872
1022,-0.0182463475283092,0.10956135220796545,-0.1665399993756433
1023,-0.06235004881940728,0.0998233141889206,-0.6246040749699685
1024,-0.03889918608363162,0.09196369008561796,-0.4229841804674929
1025,0.008243047929183622,0.09764895710889955,0.08441511484849606
1026,-0.02597942070492745,0.0986682166037816,-0.26330080343148465
1027,-0.009643712434842928,0.103412424361176,-0.09325487236583398
1028,0.006026814043195789,0.09771316973665298,0.06167862591540804
1029,-0.0375186274251383,0.08811895652742398,-0.4257724887318874
1030,-0.03797981082396403,0.08068542670388716,-0.47071463057819196
1031,-0.030506612269520096,0.08544958653185351,-0.3570129886836606
1032,-0.051842904201120865,0.09872102146350974,-0.5251455407629019
1033,-0.02117677625748706,0.085330432823162,-0.24817378228203316
1034,0.013377175107064168,0.0868323077276644,0.15405757899490052
1035,0.0066067867247030995,0.09952167316252487,0.06638540646230716
1036,-0.057153334093404416,0.09703819115302077,-0.5889777356142035
1037,-0.07479138355136782,0.09753853755620989,-0.7667880350191507
1038,-0.06810202748308095,0.0948471367047478,-0.7180188021392525
1039,-0.017738144958598073,0.06375246305972203,-0.2782346611766409
1040,0.32630963620708303,1.476524993574804,0.22099838311375763
