"Observed_Outcome","Residuals","Standard_Errors","Z_Values"
1,1.05006439724697,0.484583668397336,2.16694136787534
2,3.04097036368707,5.77887361238826,0.526221988514873
3,1.07186842040234,0.502573814999072,2.13275819076311
4,0.271958226688723,0.65465422786917,0.415422699665315
5,0.307700267687372,0.386991122417969,0.79510937037734
6,0.932522843233303,0.669334189176752,1.39320963774502
7,1.84765381315235,1.66229811749876,1.1115056882411
8,-1.44925671016822,1.93273069492021,-0.749849274902756
9,-1.68266210401465,2.84557283873199,-0.591326316132697
10,0.0418302201858754,0.854107422307589,0.048975361990018
11,-0.36005095016756,3.09097003528738,-0.116484775347906
12,-0.090070678200986,0.647893089895653,-0.139020896511633
13,-0.0672635250984996,0.599497651779008,-0.112199814125869
14,-0.0608575098981298,0.689036556314836,-0.0883226141492595
15,-2.99114551464135,6.53541320751253,-0.457682692687739
16,-0.42764793901154,0.308537192671881,-1.38604988043153
17,-0.0137865762131981,0.340660769942897,-0.040470102311778
18,0.106581657874699,0.335130407666163,0.318030400813014
19,-0.603154068668217,0.657791448598492,-0.91693814194957
20,-0.740261474020094,0.950382336802396,-0.778909124627397
21,-0.172195975062427,2.18980836622657,-0.0786351800085373
22,-0.393881361814929,0.548042954155527,-0.718705274519688
23,-0.232208071924698,0.789136973710413,-0.294255724494681
24,-0.29917757625739,2.23408849969557,-0.133914827589936
25,-0.00230500108170784,0.359848142649404,-0.00640548278153425
26,-0.0753729055927666,2.83938307218334,-0.0265455219238201
27,-0.05617018558387,0.263520960834921,-0.213152628944219
28,0.0610892359193127,0.27364883116967,0.223239528041089
29,-0.0643429167847509,0.18969534793752,-0.33919079979728
30,-0.0408402616444115,0.183567193750035,-0.2224812659065
31,-0.0128721330778001,0.179883382858968,-0.0715582110655105
32,-0.0550711367029292,0.271246465863046,-0.203029877376301
33,0.0429813940446317,0.194564172449017,0.220911144655341
34,-0.137551419689591,0.268628318387912,-0.512051076800323
35,0.0111256929050455,0.219061163142792,0.0507880664259659
36,-0.0417591143152314,0.202988335237397,-0.205721743894267
37,-0.0657764029930818,0.195791151337182,-0.3359518678135
38,0.0307727661367148,0.276105392323025,0.111452970468294
39,0.0617650104636501,0.193502684710242,0.319194591827702
40,-0.137562845431633,0.275247479049145,-0.499778766028485
41,-0.0313421997532078,0.191341510181135,-0.163802406093364
42,0.0327150202011553,0.209878450686456,0.155876032504305
43,-0.35136331019886,0.217285238042638,-1.61706019867724
44,-0.560190934629999,0.27584902888704,-2.03078813396656
45,0.0398163503020768,0.213293611320684,0.186673900148905
46,-0.222647421361651,0.257671878914589,-0.864073418874913
47,-0.073139305290819,0.185476452275548,-0.394332026483673
48,-0.0060687335415103,0.191906613457261,-0.0316233684299882
49,0.79534491721846,0.403553943351703,1.9708515560838
50,0.868585301940207,0.424426905184669,2.04648972845462
51,1.06426991522793,0.442797235238362,2.4035152673323
52,0.954690719570988,0.418271021065229,2.28246919219896
53,0.953208929729024,0.5322687054354,1.79084158056839
54,0.531888720410623,1.39565988844087,0.381101961026343
55,-0.848738110388689,1.77263485391247,-0.478800305948739
56,1.59351601217002,0.844231584907352,1.88753422716931
57,0.729787894386583,0.379188175755076,1.92460614820955
58,0.863675174601732,0.395507079830493,2.18371609168637
59,0.944852904695694,0.416405622517413,2.26906855623974
60,0.677488013792822,0.47362556367266,1.4304295750832
61,0.499530680030596,0.457180434505478,1.09263354756405
62,-0.0386040333139792,0.478914992491166,-0.0806072766967955
63,-1.11421448128542,0.668688254250203,-1.6662689589707
64,0.90059352970345,0.499890881883407,1.80158022948997
65,-0.459613694857308,0.336963033230414,-1.36398847805666
66,0.660301472685256,0.518730618418781,1.2729178676555
67,-0.292951394546339,0.383683328722147,-0.763523907911274
68,-1.69066961583448,0.832553281107275,-2.03070440559184
69,-1.1432947143217,1.02456406298798,-1.11588406779314
70,-1.58902502640691,0.540533636109706,-2.93973384865249
71,-1.68481838471121,0.924751357898366,-1.82191501566454
72,-2.29206776885719,0.49297400308676,-4.64946985947614
73,-0.936893194191646,0.539460176917285,-1.73672355120904
74,0.0648450621230353,0.487917005063742,0.132901828487335
75,0.0514660587162949,0.388348814624112,0.132525340050566
76,-0.861775403751871,0.396237982963833,-2.17489347514302
77,-1.43707724550606,0.520644753573112,-2.76018770119855
78,-1.71872901000806,0.510127577245783,-3.36921406854263
79,-2.24323306066107,1.2896230901789,-1.73944858598172
80,-2.4610879801366,0.601222883090222,-4.09347024099758
81,-3.13615362187031,0.401858807730499,-7.80411816673066
82,-1.23209352929488,0.241056046384318,-5.11123262733073
83,-1.48187570597165,0.380418663804924,-3.89538118648023
84,-1.21077469917862,0.324317390027102,-3.7333018099259
85,-1.36938129501596,0.371303361256251,-3.68803904813266
86,-1.71439139559807,0.420679523656834,-4.07529080734761
87,-1.95851593467342,0.45171538385193,-4.33572998548886
88,-0.873931375792774,0.289805677184518,-3.01557714218396
89,-2.824410347512,1.02474233113831,-2.75621515935092
90,-1.3176298315964,0.241851277590293,-5.44809952928394
91,-1.3834718282058,0.318998323963674,-4.33692506912149
92,-1.45367141634415,0.303929708704715,-4.78291978279912
93,-1.62504155115859,0.339872933078383,-4.78132087907047
94,-1.89180635198151,0.514974284352476,-3.67359382684565
95,-1.19432911550861,0.300861326492442,-3.96969969331906
96,-1.30753558483125,0.364638896377219,-3.58583683151182
97,-2.71005842310584,0.477995062024422,-5.6696368611594
98,0.959589676767188,0.171561456688855,5.59327074558191
99,0.479330428001101,0.182396924045959,2.6279523654704
100,0.114826601217747,0.208871264023712,0.549748198989743
101,0.26607570176074,0.222682133012661,1.19486776132871
102,1.89748560178174,0.180121396104871,10.5344819816797
103,2.9544034694882,0.235224175403293,12.5599482469132
104,2.84855107624381,0.30270143090211,9.41043148608372
105,0.289204410955192,0.492997108326942,0.586624964062466
106,-2.65590370077833,0.436788736239096,-6.08052241375681
107,-0.173360720190013,0.187636395225566,-0.923918411359418
108,-0.25184857323915,0.194480682366841,-1.29497989298546
109,-0.543433603747021,0.21421533591864,-2.53685667002581
110,-0.569058378101696,0.220774691777185,-2.57755258775772
111,-0.420871720459479,0.210833585244411,-1.9962271189933
112,-0.230810698197191,0.295969438578107,-0.779846389904474
113,-0.25366628640888,0.298306120864282,-0.850355620172769
114,-1.72975214189307,0.40969747097653,-4.22202299118453
115,-3.82155163993322,0.671555507487653,-5.69059682680584
116,-0.164036755989016,0.49869525563308,-0.328931855950336
117,-2.77239209307514,0.373193795796763,-7.42882685698492
118,-0.845910729939865,0.488895333647141,-1.7302491386641
119,-0.0158826701201227,1.79744936670654,-0.0088362267189893
120,-0.884632631959143,0.586913041704865,-1.5072635451914
121,1.0826501302421,2.24226576211551,0.482837560352639
122,-0.257017257990849,1.62711811488802,-0.157958574512298
123,-0.346845016339226,0.324776241095954,-1.06795070713548
124,-1.8062468605671,0.816428481963414,-2.2123760996472
125,0.579270919330555,0.527029423503149,1.099124438784
126,-0.317037083295984,0.396798547060816,-0.798987510524814
127,-1.62575456322762,0.578672667858841,-2.80945455613638
128,-1.09876826408413,0.405482607623441,-2.70977902239526
129,-1.5763904398783,0.563381591325433,-2.79808652634465
130,-1.59156735853422,0.854044788243806,-1.86356427724008
131,-2.26688149952379,0.499328777136858,-4.53985751136164
132,-0.828969006299635,0.514100931362355,-1.61246353727251
133,-2.58053654725592,1.06902600696454,-2.41391372187779
134,-2.58042436486876,0.696083743685485,-3.70706023273356
135,-2.65482228374338,2.35657972418754,-1.12655738165559
136,0.71930131952317,0.475707435413141,1.51206658962241
137,0.609878870432806,0.396847067141304,1.53681082948674
138,0.0770433001116518,0.39249795199722,0.196289686913316
139,0.271758947987181,2.34260486777687,0.116007164385806
140,-1.1788044580348,0.332652800962371,-3.543648075785
141,-1.69257062959365,0.303155089631674,-5.58318394604586
142,-1.8831902571098,0.340333449715634,-5.53336810908038
143,-1.65118004444522,0.480332743386993,-3.43757544572577
144,-1.50538320833976,0.522062934737603,-2.8835282265277
145,-2.30648052443363,0.454161234303757,-5.07854997349023
146,-1.8075991591619,0.301149186080535,-6.00233785349997
147,-1.69401546778627,0.539806325640934,-3.13819121288528
148,-2.20085317695831,0.397664397059604,-5.53444862862198
149,-2.27298995792643,0.485568645583523,-4.68108881947044
150,-1.919853219592,0.564541157006195,-3.40073207376612
151,-1.52392693270832,0.310204107706942,-4.91265877803274
152,-1.70499111617454,0.328302229197535,-5.19335832821492
153,-1.569078917183,0.319439666958673,-4.91197268054375
154,-1.1813803164131,0.475658776728724,-2.48367185514346
155,-1.67579449630523,0.356623204927709,-4.69906184776993
156,-1.86562342985731,0.306569448836696,-6.08548385018982
157,-1.77073296183242,0.341656416255604,-5.18278854891366
158,-2.05485493912363,0.59022007505005,-3.48150634989733
159,-2.01876256837681,0.334744627473369,-6.0307542009391
160,-2.01894585851239,0.572456253776409,-3.52681247727438
161,-2.74239285577614,0.439520984400557,-6.23950380780196
162,-2.59526165066744,0.322983961585202,-8.03526477887608
163,-2.59846312252973,0.353474081536348,-7.35121260160209
164,-2.11109311810668,0.297499719705651,-7.09611800708724
165,-2.02090497204946,0.369565579700514,-5.46832573987854
166,-1.62509491333548,0.321632336178172,-5.05264779233901
167,-1.66024964094412,0.323734948737997,-5.12842264147323
168,-1.90908882815423,0.397026225167581,-4.80847034058876
169,-2.31221388046107,0.404797152080892,-5.71203099768602
170,-2.4816856606139,1.20086102319305,-2.0665885666063
171,-2.52127078957858,1.20685879843672,-2.08911829026267
172,-2.36628885148538,1.29263623610381,-1.83059145751455
173,-2.08585959479343,1.34314647904142,-1.55296509155283
174,-1.56508860341746,1.2397477988652,-1.26242499067154
175,-1.41544633932988,1.11815804323374,-1.26587323491085
176,-1.5893501811479,1.13923653088597,-1.39510113840178
177,-1.822109533491,1.18757155661476,-1.53431557310536
178,-0.0138311886423513,0.297369103708133,-0.0465118550309336
179,-1.00909200078681,0.845647702760114,-1.19327705555543
180,-0.864560846250037,1.71319097111366,-0.504649429530923
181,-2.72352627721222,1.33538593939968,-2.03950498268431
182,-0.691904781532786,1.99443468681645,-0.34691774371274
183,0.964776129558524,2.03612922661293,0.473828535511675
184,0.422698921974941,1.64878235679374,0.256370357332627
185,0.459622796617258,1.59924575581784,0.287399728869194
186,-0.25314432263843,1.55827442131751,-0.162451696039776
187,-1.86848617807846,2.01509919675153,-0.92724277846499
188,-0.380875636458164,2.00648923981318,-0.189821918254407
189,-0.916806864517029,1.75091612389182,-0.523615524471391
190,-0.350071035154767,0.266303787208672,-1.31455522590994
191,-0.241498895822833,0.494150804293897,-0.488714970661469
192,-0.207740232411944,0.358591266556637,-0.579323178745437
193,-0.10702425326032,0.3753062248424,-0.285165142958291
194,-0.72280464263556,0.431951133507407,-1.67334817891655
195,-0.103225204744101,0.180775694847766,-0.571012628832814
196,-0.0483340480973574,0.186423770421487,-0.259269770094654
197,-0.103124821057818,0.188018305825032,-0.54848287567161
198,-0.181759144581878,0.231094391712992,-0.786514736400935
199,-0.106299947996646,0.257870981032874,-0.412221443339118
200,2.98169086171626e-05,0.19951367829694,0.000149447941974112
201,-0.0731721169484597,0.207443725937601,-0.352732369309977
202,0.896762887524179,0.550774293224395,1.62818580779118
203,0.677545157345952,0.85144395199146,0.795760138716386
204,0.459195420073629,0.828011726432969,0.554575986564609
205,0.396420143063298,0.89238569544684,0.444225120467446
206,1.4181652429922,0.380726059888193,3.72489669713881
207,0.089489508486589,0.340291553783164,0.262978929367175
208,0.0379897280559084,0.427212239483408,0.0889247183129541
209,0.229070047923198,0.467345269044704,0.490151635409593
210,0.757694162558855,0.377981729122338,2.00457880416124
211,0.198131555505749,0.454461193224444,0.435970240055015
212,0.117848075720865,0.397891631957166,0.296181337469172
213,0.178713125582845,0.334381646061772,0.534458537684901
214,0.155950467850827,1.06462282663735,0.146484242070408
215,-0.473975428250434,1.67421294274374,-0.283103430961221
216,0.297591528389539,1.2190089339058,0.244125797697014
217,-2.03475951559929,0.439476104798086,-4.62996621064106
218,-0.729568196152008,0.657906774806614,-1.10892336739724
219,-0.296332243871401,0.610208128307438,-0.48562487145714
220,-0.571264277747585,0.374493193986952,-1.52543300364355
221,0.953801134756739,1.93223338706327,0.493626257129522
222,2.99805295232363,2.19483533485606,1.36595803097923
223,1.27535283002997,1.48911837758768,0.85644825100876
224,1.11283610504654,1.22382611438891,0.909309003920222
225,0.216236240505916,0.957780361606737,0.225768087521826
226,0.891947485589816,1.35440034543873,0.658555270303692
227,0.800150376091883,1.52788401053047,0.523698376694233
228,2.60455681392935,1.93305442520246,1.34737893562235
229,-0.312196486547665,0.442690163851702,-0.705225713242295
230,-0.41986541009042,0.762354872475271,-0.550747985288229
231,-0.0824638606913537,0.487598574774168,-0.169122439969286
232,-0.109066386402946,0.565342994519101,-0.192920735660165
233,2.07836527022269,1.65951022111644,1.25239678778505
234,2.03392521960615,1.84536363550874,1.10218126144305
235,1.84244239355809,0.789277516703465,2.33434039937349
236,0.840051224327717,0.925357115886137,0.907813005277719
237,-1.88385723098238,1.11437906304891,-1.69049948392623
238,-0.0922336982815326,0.642219283817387,-0.143617142315146
239,0.392120379898283,0.934504128263455,0.419602619227528
240,0.127991049714322,1.23578470789685,0.103570669629136
241,-1.6520677180992,0.898848530815068,-1.83798233124008
242,0.618817758742405,0.664474420988666,0.931289059737878
243,0.465272735109178,0.637663585036461,0.729652352788146
244,1.0985554291484,0.550561082233296,1.99533796448565
245,-3.47533017730784,0.702982947842626,-4.94369058022422
246,0.281355348398549,1.09392155381724,0.257198834246167
247,-0.570133403586172,0.723883793523059,-0.787603492007188
248,0.0926582177533478,0.773159411349393,0.119843613610849
249,-0.708639774815294,0.97988546906776,-0.723186328591521
250,-0.478134767393031,1.05356499557116,-0.453825601081047
251,-0.366917128441992,0.90942187685771,-0.403461955093697
252,-0.637185999880275,0.90012229293849,-0.707888255717067
253,-3.06352885855323,0.626823297754895,-4.88738831106938
254,-0.23958572584827,0.848734147759088,-0.282285950766619
255,-0.248767862009431,0.506300968079937,-0.491343840310718
256,-0.768827582732613,0.544269103426122,-1.41258722549731
257,-2.13929592673712,1.42386477506197,-1.50245723063415
258,-0.233258267016845,2.46161149409799,-0.094758359544595
259,-1.54149182208747,1.23182421515885,-1.25138944592731
260,-0.953747543137821,1.21319221124652,-0.786147103728823
261,0.275055145404433,0.182409896561874,1.50789595624344
262,-0.0205382848953511,0.18813502321596,-0.109167791006012
263,-0.123241953597481,0.192614053911637,-0.639838844023392
264,0.0747533644685817,0.177599099279172,0.420910718421354
265,-0.00117335074434297,0.178464375388554,-0.00657470569007594
266,-0.0410742852808391,0.184802340049001,-0.222260634091257
267,0.305484065131578,0.251744203389521,1.21347010583956
268,-0.0155465843118935,0.254127884019259,-0.0611762238208985
269,-0.0463023169773893,0.256439722160132,-0.180558287099048
270,0.0386915945122514,0.221089251865044,0.175004411955174
271,-0.0659546942908674,0.21855721907005,-0.301773121800786
272,-0.175143755248772,0.215200543880859,-0.813862976785674
273,0.207812214899273,0.189968528924665,1.09392969496376
274,-0.0720668315518422,0.18888489507353,-0.381538351829497
275,-0.116556841517014,0.189855545988332,-0.613923817238278
276,-0.0846097517876622,0.197424354861359,-0.42856795377186
277,-0.0572579150325157,0.193676125630995,-0.295637445482606
278,-0.0649846600688162,0.195343895002922,-0.332667985696938
279,0.200457794059724,0.240771994203053,0.832562751840109
280,0.0107819569714449,0.237884858877171,0.0453242674726603
281,-0.168398846436046,0.239151011460788,-0.704152766937626
282,-0.0342535099057389,0.235254227511292,-0.145602101471672
283,-0.00630499312971706,0.229237254211951,-0.0275042254863492
284,-0.0873721047145941,0.238747368473094,-0.365960493191533
285,0.499744342379433,0.182590377791896,2.73696975943062
286,0.176734950031902,0.182618382759188,0.967782910797951
287,-0.065908477257698,0.184957518907561,-0.356343865591309
288,0.295505145102562,0.179839462013846,1.64316074900074
289,0.0333013269039637,0.179699021607591,0.18531724105145
290,-0.0327662305875383,0.181739486370042,-0.180292303241259
291,0.16756697959924,0.192327760088631,0.871257376064795
292,-0.093544970872803,0.194293113856562,-0.481463130710146
293,-0.117628128333494,0.193297627621367,-0.608533740330768
294,-0.119576408619805,0.232478687340911,-0.51435428334321
295,-0.114489641950595,0.232191497996485,-0.493082834378064
296,-0.0869638640113376,0.234966038556328,-0.37011248325783
297,0.255429593187732,0.199721078831649,1.27893157137931
298,-0.0155347731703832,0.21826086956722,-0.0711752555608639
299,-0.0610047811779892,0.209631710057019,-0.291009318968948
300,-0.0695832210412639,0.25297043593374,-0.275064636641927
301,-0.0421983422602543,0.250929118328633,-0.168168375760156
302,-0.0977392090779263,0.25517069112901,-0.383034621435073
303,0.171525199868866,0.287192315573445,0.597248570270332
304,-0.140681511842508,0.333941921428039,-0.421275385974033
305,-0.124160819594519,0.330884908682228,-0.37523868975771
306,-0.0616785626450919,0.3688316543741,-0.167226868718085
307,-0.11994515617952,0.436390807371144,-0.274857201740981
308,-0.10999955852286,0.434354211528843,-0.253248513777921
309,0.476810178517999,0.221522809243919,2.15242024126275
310,-0.110803940826235,0.236613476694353,-0.468290912141773
311,-0.110806120931668,0.261698187408339,-0.423411877739804
312,0.138530351602757,0.24524424491293,0.564866880574263
313,-0.0726703248211417,0.231467934535726,-0.313954176706603
314,-0.0726703248211417,0.231467934535726,-0.313954176706603
315,0.286668870278894,0.220891740435671,1.29777994285114
316,0.0416004204278433,0.231467934535726,0.179724334220568
317,-0.0453762926770449,0.2364827790549,-0.191879902876609
318,0.0162025460712821,0.228869262723475,0.0707938928909749
319,-0.0155366574778868,0.21475889365705,-0.07234465224382
320,-0.0822129472801854,0.217847845714143,-0.377387010693987
321,0.252669721847187,2.01731106904371,0.125250748743952
322,1.46190919083643,1.67840686657857,0.871010015477674
323,0.18481424767674,0.77748529291158,0.237707708893933
324,0.251656320181314,0.580368055051244,0.433615044782391
325,-0.152170774267977,0.805049921630933,-0.189020295734825
326,-0.412090011009694,0.518043654235877,-0.795473523592396
327,-0.238847501163979,0.730454529743767,-0.326984762826733
328,0.0405294625073268,0.864953246418797,0.0468574026112193
329,0.0405292484810799,0.866774124538882,0.0467587198713866
330,-0.0689319109910932,0.430922723630109,-0.159963509026417
331,-0.188856308602719,0.348898558048095,-0.54129288942686
332,0.00858946312366387,0.58647198254729,0.0146459905660903
333,-0.351932737958128,1.80726093521786,-0.194732664829998
334,-0.351945761356773,2.24588916889712,-0.156706647073596
335,-0.261211568429871,0.752271903722819,-0.347230259613839
336,-0.176448808562213,0.508387899770118,-0.347075153916919
337,-0.171879124135764,2.49906591783029,-0.0687773471317601
338,-0.0422134621452299,0.843490769362422,-0.0500461459431717
339,0.0309829257642418,0.722554871059086,0.0428796856892384
340,0.0311608379022037,0.422665943433249,0.0737245060462857
341,-0.151653187266411,1.39029050018411,-0.109080215427156
342,0.040285860417199,3.92102675674973,0.0102743140805785
343,-0.05063036958972,0.552038504082568,-0.0917152865520903
344,-0.0656849234206945,0.331925747324312,-0.197890413594569
345,0.0551791628180037,0.521671627982416,0.10577374704354
346,-0.125266873482624,5.9093995285503,-0.0211979022364993
347,-0.169687906970351,2.7484782954771,-0.0617388564608969
348,-0.233870130227954,0.606168046593775,-0.385817318385775
349,0.0221662150862461,1.13594710797569,0.0195134218227354
350,0.0823032806716096,0.466272298077115,0.176513339975428
351,-0.0425608396309112,0.527558084975945,-0.0806751727306991
352,0.177877935854644,0.664006455200153,0.267885853310005
353,0.0208135244494592,0.840306858906331,0.0247689569933396
354,-0.216211934960359,4.092870082073,-0.0528264837692698
355,-0.303177295033675,0.895787098519068,-0.338447936496176
356,0.251767302607896,0.175183251052952,1.43716537451286
357,0.0841556604324561,0.168205769404473,0.500313756956175
358,-0.085196401921157,0.170290404222359,-0.500300661744339
359,-0.0272660349433941,0.170399466258102,-0.160012443361146
360,-0.0172029018712716,0.176999053810288,-0.0971920555559024
361,0.00880422112001558,0.172786441647755,0.0509543517191239
362,0.493680570694347,0.171447541972846,2.87948468093253
363,0.000742283337927094,0.169507269546016,0.00437906492102151
364,0.0735553979331151,0.169970090420672,0.432754949715371
365,-0.0146778716127998,0.17385560918972,-0.0844256431023895
366,0.16044850076874,0.198197283842463,0.809539352195521
367,-0.0506622013219038,0.204027845251564,-0.248310230691492
368,0.562012429443939,0.168881059376317,3.32785945042901
369,0.393088576829766,0.167810905195258,2.34244953492376
370,0.363837317107841,0.173307041062699,2.09937989176223
371,0.257555239350172,0.173040122024062,1.48841341729034
372,0.124242601264146,0.183504175832598,0.677055989055456
373,0.0459005013174838,0.182770393881613,0.251137508338551
374,0.0238846031830558,0.17623097912601,0.135530105441777
375,0.00772386988536273,0.177552226567538,0.0435019601538183
376,0.0285038172159319,0.178843310156387,0.159378716436232
377,-0.0210263550193858,0.178389587008483,-0.11786761420321
378,0.219936668506024,0.190620422941265,1.15379383338055
379,0.171661652641203,0.191061875249343,0.898461047852578
380,0.58158190309996,0.206341027820357,2.81854708800953
381,0.338546916842947,0.208308504770883,1.6252188897199
382,0.59676542778182,0.234971628392233,2.53973397497018
383,0.289066761424979,0.247827759276583,1.16640186825226
384,0.823414113323362,0.16932629324719,4.86288394751138
385,0.0314611030580746,0.166159376174952,0.189342929555469
386,0.11239396722836,0.16634354120316,0.675673767766492
387,0.0524770924046051,0.166070480671678,0.315992897668266
388,0.0510875069624966,0.167419433788444,0.30514681483783
389,0.00329192530058761,0.166902349528169,0.019723660630865
390,0.035106404253308,0.166815550974343,0.210450428921388
391,0.00492102153900411,0.166253622722361,0.02959948456114
392,0.0480609491306186,0.167617854611749,0.286729294095439
393,0.0166214768759973,0.166069115961111,0.100087706132485
394,0.248365178728449,0.175409840001512,1.41591360397061
395,0.080379279571895,0.168660023942967,0.476575762843929
396,0.100098709229263,0.17153083057315,0.583561036198539
397,0.0317132917465374,0.16873189256761,0.187950785497354
398,0.0573092769239898,0.170944777927546,0.335250234717786
399,0.0193979275893968,0.168668083756875,0.115006509573902
400,0.536994247167218,0.169695510055423,3.16445760404523
401,0.0479659746405186,0.168024568814341,0.28547000583896
402,0.327389755579256,0.169744599145746,1.92871971907721
403,0.0325381779620833,0.169937945461787,0.191470938839848
404,0.22686055173656,0.171561192558593,1.32233023303963
405,-0.0205129879829729,0.17232799096633,-0.119034568139199
406,0.55276787147677,0.167930254830527,3.29165147777937
407,0.392848960637251,0.167759079730599,2.34174484783846
408,0.459911515631039,0.166314575054651,2.76531095052802
409,0.335663375075557,0.166361576964663,2.01767367922255
410,0.122631721824127,0.184169607745324,0.665862969061138
411,0.0628215907633862,0.183380673897622,0.342574762259072
412,0.0962687242625362,0.17589446546371,0.547309570023952
413,0.0402484335553035,0.175200099922873,0.229728371005621
414,0.0757688992249037,0.174052558475232,0.435321950384808
415,0.0323390591319997,0.173617944476286,0.186265649150206
416,0.0992487231225439,0.173628212941253,0.571616337237339
417,0.0462408702767391,0.173765570535502,0.266110657791623
418,0.146986925768286,0.174811075690475,0.8408330260981
419,0.0720349984808696,0.174652849837371,0.412446739620599
420,0.202344721804215,0.177367147109847,1.14082413288691
421,0.101288969909365,0.177182436994822,0.571664842336066
422,0.827050100510923,0.172191348634937,4.8030874202882
423,0.0368417106743642,0.170799549168444,0.215701451518649
424,0.373053419152591,0.167705564751383,2.22445462501873
425,0.0413976514937922,0.166351219299388,0.248856916517621
426,0.245351968746808,0.166675543561836,1.47203340996325
427,0.0271162676000346,0.165920769830171,0.163429012701602
428,0.192299717533628,0.166249396810789,1.15669422700215
429,0.0174056568592621,0.165762572760031,0.105003539517088
430,0.153875755939528,0.165923593354017,0.927389244826781
431,0.0157579856491865,0.165638837800887,0.0951346064630631
432,-0.174868782505116,0.169405532426496,-1.03224953754678
433,-0.0825363304915276,0.17501087436585,-0.471606868947984
434,-0.116722249323139,0.170704127635869,-0.683769343715697
435,-0.186379759492754,0.171807974025062,-1.08481437226869
436,-0.22362810615323,0.174856278575375,-1.27892522919519
437,-0.0848345601681918,0.168470382435932,-0.503557711103634
438,-0.0761365076422139,0.170691011164834,-0.446048723495404
439,-0.0540987788873543,0.171501234796908,-0.315442503673039
440,-0.0973133121531853,0.171050349887028,-0.568916182968679
441,-0.116839001314519,0.17460089949801,-0.669177545192718
442,-0.13685496121562,0.951251909806377,-0.143868264341752
443,-0.169595168253653,1.39251894502722,-0.121790205339245
444,-0.1702791250112,0.394229491345637,-0.431928936696187
445,-0.19219587904183,0.535608906229783,-0.358836226967771
446,-0.182020987541873,0.386328802222891,-0.471155623123478
447,0.421083882856644,3.33966035656934,0.126085840444327
448,0.341023086351344,0.938962045073625,0.363191556187561
449,0.120230972684169,0.862708056624735,0.139364610960702
450,0.000420030691131622,0.358044061463566,0.00117312570250342
451,0.19570959629538,0.911088038627149,0.214808655144106
452,0.341112196846938,5.08753235454828,0.0670486540575966
453,0.00643658692605249,0.959259938875176,0.00670995072889211
454,0.285830997199402,0.565341553377264,0.505589931417373
455,-0.270759779598233,0.171677065184339,-1.57714590069153
456,-0.138064269983823,0.168492435056881,-0.819409310199681
457,-0.0526316531472523,0.169978853408104,-0.309636475902613
458,-0.153898135641073,0.168709967249678,-0.912205355438873
459,-0.129371225206455,0.168623921233594,-0.767217511370986
460,-0.042503003087863,0.168981902903222,-0.25152399373917
461,-0.313975831634885,0.182372211546692,-1.72162101326769
462,-0.62256495675692,0.192701930543443,-3.23071468459715
463,-0.251215131893441,0.181268696266128,-1.38587156562665
464,-0.902651213703155,0.258967423355792,-3.48557823222041
465,-1.14363615631883,0.261216811579718,-4.37811084747053
466,-1.01584740297364,0.246528639956032,-4.12060604055907
467,-0.927359960734932,0.260399069119671,-3.5613029027717
468,-1.04775903939582,0.273914293111562,-3.82513459773741
469,-0.595511873802576,0.18599770999575,-3.20171615992575
470,-0.289143773925261,0.167882065153638,-1.72230293724734
471,-0.43682279536521,0.167685416503289,-2.60501362893798
472,-0.308228306691842,0.169771128366581,-1.81555197080563
473,-0.166525540227807,0.179090968783634,-0.929837731957281
474,-0.350096719628759,0.176795980405629,-1.98023008682392
475,-0.149104022813744,0.178774556180894,-0.834033802119315
476,-0.219495416761216,0.275558007938393,-0.79654885881701
477,-0.475260285904036,0.286136359009174,-1.66095734058319
478,-0.0982272347981515,0.280127181559805,-0.350652279622428
479,-0.330159165358303,0.210217947456075,-1.5705565074423
480,-0.715734005859552,0.214519621979038,-3.33645006110206
481,-0.393260431524787,0.19358913325326,-2.03141790510684
482,-0.144772947799067,0.170021662949171,-0.851497069772503
483,-0.107594267551151,0.169937599093415,-0.633139859131508
484,-0.028716020160033,0.170313785555577,-0.16860655211414
485,1.4613400660549,0.793915033703121,1.84067564414123
486,0.311846860158005,0.257746629738545,1.20989694598272
487,-0.68091331844758,0.227826684966427,-2.98873381995581
488,-0.534705068425665,0.204147690251593,-2.61920704450141
489,-0.167023976764229,0.190661695576258,-0.876022717931956
490,0.134944733893921,0.176709638252532,0.763652369097574
491,0.00828071649710799,0.17923983417136,0.0461990859085001
492,0.0293299717570485,0.185889742210664,0.15778155054844
493,-0.671199393537074,0.206245272282122,-3.25437468752711
494,-0.428240549202549,0.238838170595328,-1.79301553070482
495,-0.230336135582136,0.197061882049933,-1.16885180018616
496,-0.0342813959785288,0.225767572856664,-0.151843754817232
497,-0.0500345900398194,0.183468345836342,-0.272715109583271
498,0.0414570064738524,0.179131155078781,0.231433814266535
499,2.43712925768031,5.31032310537708,0.458941802470087
500,0.291229363955216,0.538696895322294,0.540618233526255
501,0.661544803365933,0.309261553859176,2.13911103760143
502,-0.803784449879116,0.529383377097451,-1.51834093145534
503,-0.334043845818217,0.553056746868804,-0.603995607520288
504,-1.09929159546987,0.249723126910928,-4.40204160931388
505,-0.46025611820734,0.245056267245305,-1.87816505727893
506,-0.467511599600164,0.586601779547654,-0.796982920782607
507,-0.216343782067822,0.574211019842568,-0.376767032661855
508,0.316171369984399,0.574910360218528,0.549948986593701
509,-0.499455839555227,0.360605345225049,-1.38504835318934
510,-0.322387350107592,0.265644396567088,-1.21360493303751
511,0.31892803824332,0.292230773080814,1.09135678929722
512,-1.35491694072624,0.425182412779032,-3.18667212002109
513,-0.457342516399002,0.51020303434259,-0.89639317215802
514,-0.690817015179502,0.255497777727754,-2.70380831224138
515,-0.0948232967880916,0.228953447126988,-0.414159725385128
516,-0.319241924449294,0.445567272226628,-0.716484231110491
517,-0.256739673141774,0.425182412779032,-0.603834178990846
518,-0.0644591663614553,0.441605734803995,-0.145965419561558
519,0.295718861367646,0.391322001569537,0.755691885918911
520,-0.0637316957623708,0.224192926611017,-0.284271661580777
521,0.241799109207051,0.23151738169753,1.04441017531441
522,-2.2647348948414,0.475510436119276,-4.76274487963775
523,-1.16729005487394,0.475229640707774,-2.45626525554143
524,-0.474938278274637,0.52367562986574,-0.906932175546152
525,0.489305242960443,0.533919592122545,0.916439947474596
526,0.101641910865778,0.207043704111446,0.490920075555966
527,-0.220479801381843,0.218106079858625,-1.01088333495681
528,-0.176045039029544,0.207773606976712,-0.847292596933527
529,-0.420826403869176,0.347375000949676,-1.21144700314846
530,-0.000164427521064391,0.187054970879657,-0.000879033154217415
531,-0.154079900904652,0.199860874781465,-0.770935787572876
532,-0.192110057834751,0.188853572942659,-1.0172434380846
533,-0.421729105444358,0.19861686989793,-2.12332973357744
534,-2.36461614157271,0.414803175717641,-5.7005738624873
535,-0.351919322958488,0.404311818068522,-0.870415622871666
536,-0.0157735603349233,0.436642033285551,-0.0361246951335257
537,-0.0898124179971904,0.434254000727216,-0.206820012819197
538,0.348594999712193,0.356261623044009,0.978480355907241
539,0.329858055404278,0.443039621349655,0.744533986372175
540,-0.174229158039576,0.428876906768985,-0.40624513768335
541,-0.0291630965065345,0.396519784881399,-0.073547645334412
542,0.589728112397892,0.306064430850249,1.92681034761087
543,0.349300638409444,0.26342470462174,1.32599802630894
544,0.163392284839675,0.277005027943299,0.589853137514604
545,0.10805651630411,0.317220299353966,0.340635566274202
546,0.308108113013668,0.194669847709971,1.58272129268167
547,0.19578683653757,0.189613146304729,1.03255939977347
548,0.195807946616454,0.181985465731988,1.07595376272973
549,0.195807946616454,0.181985465731988,1.07595376272973
550,0.279313393653135,0.185873151868192,1.50270972889729
551,0.14251481868973,0.181757455305002,0.78409338670912
552,0.117869352079761,0.182735829653088,0.645025949774211
553,0.14251481868973,0.181757455305002,0.78409338670912
554,0.964531335292788,0.577579356033465,1.66995465682278
555,0.619873975591028,0.55996911312895,1.10697886911538
556,2.17527448170311,3.03876158216337,0.715842432151087
557,1.31376340776135,3.07680363655489,0.426989682459027
558,1.26628997529678,0.570966173889743,2.21780209267057
559,0.891272303148727,0.334080827971564,2.66783433386543
560,0.701163406726416,0.339786671367712,2.06354005560044
561,1.00543798772624,0.315771336715685,3.18406983415192
562,0.795763024354512,0.299892263563187,2.65349634198498
563,0.162039877350903,0.242683544230622,0.667700308501004
564,0.227355738581146,0.218892726133163,1.03866283086462
565,0.271811223166497,0.255339559511576,1.06450885905196
566,0.143052986900012,0.218569318766706,0.654497107403726
567,0.553264080399327,0.433209174357651,1.27712918642522
568,0.253371496358976,0.51478764388929,0.492186437197133
569,0.0902336811862749,0.235294048216755,0.383493258202395
570,-0.0441756700196803,0.223967926829943,-0.197241054310524
571,0.0682460502626508,0.379312089524481,0.179920577665232
572,0.236084189756286,0.489968936987818,0.481835014292254
573,-0.586414197338017,0.200943131463629,-2.91830924036416
574,0.0768507706782354,0.344780802908096,0.2228974758166
575,0.137546820260054,0.488131978510684,0.281782030916549
576,-0.660849688599868,0.19650128129176,-3.36308081176659
577,-0.130853972978993,0.169419236178679,-0.772367860524334
578,-0.125958296289358,0.171158158741024,-0.73591757013432
579,0.120617917295502,0.226898073023842,0.531595159394889
580,0.0600303158647411,0.176014954146666,0.341052362032378
581,0.0940547996041258,0.177520142190403,0.529826071811307
582,0.310573869121517,0.195985874821421,1.58467475987495
583,-0.103417536912368,0.192451160500896,-0.537370295108646
584,-0.35121803893482,0.211888164671553,-1.65756326918609
585,0.0812341395331045,0.207589656568666,0.391320747265816
586,0.208657777298101,0.26197929519509,0.796466671699068
587,0.0242143405634736,0.241649571113703,0.100204359775503
588,-0.00494937055008651,0.165594432165555,-0.0298885082388417
589,-0.0122744020575811,0.165623402849825,-0.0741103119871926
590,-0.00577576583604681,0.165673951914187,-0.0348622446034151
591,-0.0114622646468511,0.165707159659961,-0.0691718129160637
592,-0.0151445484278154,0.165542544880915,-0.0914843277219751
593,-0.0208563807135348,0.165560060289466,-0.125974710791174
594,-0.0200428253152718,0.165554537030999,-0.12106479033866
595,-0.0155452289536043,0.165582145204076,-0.0938822777929656
596,-0.0123160083823427,0.165785162667218,-0.0742889664201421
597,-0.0143306727451937,0.165714670886302,-0.0864779965982981
598,-0.0103076587057337,0.166081306279345,-0.0620639308339524
599,-0.0293568028463132,0.167765584969247,-0.174987038323113
600,-0.0795466529666012,0.172951651894821,-0.459935780289492
601,0.000230343027293786,0.171314642024651,0.00134456123873312
602,-0.0123676448213417,0.182663775995608,-0.067707156243387
603,-0.0187266232197799,0.181573756568671,-0.103135076200825
604,-0.0246599577578116,0.17303825495929,-0.142511595274775
605,0.0317313024857121,0.173235728211507,0.183168349931665
606,0.0215795866586025,0.174990507588842,0.123318612854738
607,0.0374863703257765,0.171184383918584,0.218982418066856
608,-0.0741982863685143,0.190787374319265,-0.38890564238465
609,-0.0276078318557737,0.177164964055942,-0.155831216419608
610,-0.151858067212809,0.240758315195933,-0.630749002746691
611,-0.0475316904483855,0.21527313708671,-0.220797128204808
612,0.0890244095172748,0.19580623638342,0.454655638970306
613,-0.00465503906636458,0.227836332420401,-0.02043150456695
614,0.155337494961281,0.22668617742744,0.685253493283698
615,0.0686406337484533,0.21460137869605,0.31985178364428
616,-0.112230427609083,0.19826735139655,-0.56605601889851
617,-0.0717702687993413,0.197648948505076,-0.363119912057099
618,0.0973372837028417,0.17809544584474,0.54654560784052
619,0.042490040502499,0.188500696713406,0.225410522312818
620,-0.274470015020159,0.314099053176786,-0.873832672350265
621,-0.364427248607176,0.278319441916998,-1.30938480652695
622,-0.534857206023401,0.306535713758429,-1.74484466904533
623,-0.483036863814935,0.251999767011382,-1.91681472385297
624,-0.0666089156241258,0.201727434812675,-0.330192646756149
625,-0.0444034018437406,0.226727238181706,-0.195845025943263
626,0.0826060442210023,0.240002728708217,0.34418793763562
627,0.0180261636171945,0.211217376196893,0.0853441319164519
628,-0.114478459149427,0.205962955434731,-0.555820627587104
629,-0.0365947455846523,0.198927066219089,-0.183960615718067
630,0.172940725956898,0.185567680695798,0.931954989729065
631,0.0769603124029032,0.193232397147611,0.398278516123324
632,-0.289512583100028,0.360089539979816,-0.804001646691142
633,-0.386471813672683,0.321744252140438,-1.20117705631612
634,-0.552203104449936,0.376918515971372,-1.46504637222937
635,-0.649014735271431,0.366536970078131,-1.77066650366289
636,0.297672579719257,0.50654588581901,0.587651756835345
637,0.127558587334929,0.439428794041029,0.290282723992408
638,0.372221013981584,0.269684638716105,1.38020843809876
639,-0.0155417023815504,0.541014801665098,-0.0287269448704864
640,-0.124739155446645,0.206854636874271,-0.603028084511654
641,-0.169691660540016,0.418206363062511,-0.40576058981353
642,-0.165823111735301,0.384302719727788,-0.431490861820489
643,-0.120901346431665,0.294573605778057,-0.410428307425331
644,-0.159246997208415,0.257048584260017,-0.619521004820354
645,-0.251929243146145,0.377919745346451,-0.666621012128365
646,0.0232973257582814,0.166511827801839,0.139913939242844
647,0.0262799130547148,0.165503553084525,0.158787606458776
648,0.0987484070632094,0.485715183975037,0.203305167969146
649,0.212568001253536,0.483015040608722,0.440085677219588
650,0.25276689559287,0.488958507747099,0.516949580768123
651,-0.616514364751611,0.395323385703915,-1.55951908499883
652,0.0768007749052995,0.36601239531874,0.209831076454168
653,0.484532330655243,0.310361978735062,1.56118456464946
654,0.302922331684857,0.360296871701454,0.840757595963426
655,0.264317839505574,0.273718284174505,0.965656497163565
656,-0.250737499133205,0.359847441901787,-0.696788332878129
657,-0.437564634426036,0.362785669076588,-1.20612436411776
658,-0.257113998285998,0.340200374226903,-0.755772238258949
659,-0.0355985539732811,0.335037018227462,-0.106252599075821
660,1.5307272717008,1.84110797742543,0.831416348454117
661,0.533591326853249,1.20484225909305,0.442872353477137
662,-0.159243478548769,1.89923260293126,-0.0838462220493659
663,-0.45886776799156,2.53168154566381,-0.181250192694059
664,-0.0155234336373642,0.771737599430395,-0.0201149116601573
665,0.141839375918434,0.877383580438433,0.161661762404484
666,0.314748577064669,0.932303455535735,0.33760314326391
667,-0.125471811962782,0.775127489573074,-0.161872483753466
668,-0.323686651673683,0.533384646375938,-0.606854085270283
669,-0.287835589621779,0.494715399822897,-0.581820557283686
670,-0.287835589621779,0.494715399822897,-0.581820557283686
671,-0.162515879578294,0.45117706479176,-0.360204213069437
672,-0.0672031813733322,0.275809277716346,-0.243658160921065
673,-0.13037773097711,0.212638809073887,-0.613141747477557
674,-0.134917769727926,0.317292432800958,-0.425215844377108
675,-0.102543370941852,0.514470093954462,-0.199318429092068
676,-0.175476908305325,0.304211254583253,-0.57682582633478
677,-0.0227677304807801,0.166153193979647,-0.137028545377039
678,-0.0258823012731386,0.166758415225277,-0.155208366775216
679,-0.0178868110259854,0.16666422479973,-0.107322438558598
680,-0.0542007710646273,0.176514722987635,-0.307060907709235
681,-0.0155847800734545,0.177002959544482,-0.0880481327180179
682,0.0589440932270191,0.292105595676106,0.201790359717647
683,-0.00814976094111416,0.218532465269146,-0.0372931359698746
684,0.0687138792283057,0.272494911247869,0.252165733714571
685,0.119391971201059,0.226829539612678,0.526351071403338
686,-0.015546309452646,0.21549460410293,-0.0721424534844519
687,0.153970370546565,0.319414325498736,0.482039652749306
688,0.0698690055420035,0.263481245810902,0.265176389791886
689,0.123524319938471,0.360303412603694,0.342834165920982
690,0.289787837553633,0.359527461203687,0.806024209064399
691,-0.175518052223441,0.31468921937041,-0.557750445263411
692,-0.380671571663248,0.478877981071628,-0.794923940356133
693,-1.06501688842165,0.374717979792207,-2.84218251019668
694,-0.171514418246462,0.45044649535386,-0.380765351746659
695,-0.569015867057681,0.424766835586993,-1.3395957955883
696,-0.510326662313271,0.400720430366232,-1.2735229442803
697,-0.61374002813466,0.303140607909377,-2.02460512422715
698,-0.265193429942269,0.387117519873419,-0.685046313659436
699,-0.319644978579268,0.28248775239449,-1.13153570683974
700,-0.132271738268307,0.230115849319303,-0.574804989137317
701,-0.586161603692424,0.450663589303429,-1.30066332760192
702,-0.622968445415766,0.393359693667418,-1.58371194467748
703,-0.293750520964132,0.405911673235456,-0.7236808900387
704,-0.341519158422145,0.355447386693145,-0.960814936914915
705,0.0411348304158354,0.288082275878716,0.142788480444918
706,-0.101202381670657,0.240501906062244,-0.420796588799031
707,-0.512296264639921,0.289138810183101,-1.77180041764543
708,-0.0263682037175821,0.248758133478318,-0.105999363111801
709,-0.343354736932179,0.287890730359673,-1.19265645164474
710,-0.0832790928037406,0.24233616436339,-0.343651113825756
711,-0.16045127609777,0.268422624153656,-0.597756156373469
712,-0.105335672528392,0.286990046900584,-0.367035977958084
713,0.0781646365434668,0.249703279381992,0.31303007608439
714,-0.0280476277424406,0.263642334484786,-0.1063851440902
715,-0.278653264811544,0.235587912743518,-1.1827994975061
716,-0.0179745730561009,0.280672092811441,-0.0640411837032065
717,-0.146943394422587,0.245340916225605,-0.598935541136824
718,-0.266290480804421,0.368083635290387,-0.723451018392436
719,-0.303487254745588,0.334905898386689,-0.906186651855189
720,-0.915546900063152,0.425688919220144,-2.1507416771393
721,-0.163418985589486,0.456943813494797,-0.357634748000252
722,-0.49450743179163,0.328923442216968,-1.50341194430721
723,0.0106664717948849,0.229177133620546,0.0465424784156071
724,-0.030749000390335,0.225571161342479,-0.136316186020116
725,-0.506160794135806,0.400124680145664,-1.26500768198438
726,-0.0360190217116772,0.243452559265922,-0.147950885463207
727,-0.223155076458892,0.39025292227547,-0.571821666722517
728,-0.0688811656641383,0.218344008494269,-0.315470830361467
729,0.048942193883223,0.263785400125188,0.18553791779225
730,0.229425389017124,0.232900100876543,0.985080676881027
731,0.0166756454815535,0.300897795687779,0.0554196332460231
732,0.114426124381096,0.256132868503153,0.446745179756918
733,-0.0117794502228348,0.169589162213615,-0.0694587441147766
734,-0.0244493133449736,0.174170113408541,-0.140376054573865
735,-0.00641385934555019,0.178212755889386,-0.0359899004621823
736,-0.0284342092695363,0.177553126110333,-0.160144796616349
737,-0.0089426366663136,0.182607432818459,-0.0489719204102936
738,-0.050778668307986,0.19737297417839,-0.257272651027142
739,-0.00672006709602785,0.180594154926021,-0.0372108781636962
740,-0.0464892047678676,0.203221372567843,-0.228761395420395
741,-0.0185210241202151,0.191979041873974,-0.0964741981177999
742,0.015041513755306,0.168757359886198,0.0891310089553976
743,-0.0109919442077179,0.192282925639747,-0.0571654720311043
744,-0.183389565704794,0.209171829236174,-0.876741224544775
745,0.00268211191500225,0.200881698468898,0.0133516987134471
746,-0.108362866207666,0.220330744920555,-0.4918190888282
747,-0.0153082760268796,0.173196023462978,-0.0883869948096811
748,-0.0168646342443764,0.187693026397145,-0.0898522154397579
749,-0.186130324499365,0.196509330224104,-0.947183140297196
750,-0.00750171454753715,0.195070320475233,-0.0384564629271197
751,-0.110849289923739,0.330707594446538,-0.335188220002184
752,-0.158840455524051,0.234740881917522,-0.676662940969356
753,-0.0309109751813411,0.1696741058235,-0.182178506445148
754,-0.0414006104373633,0.177061577612531,-0.233820408671392
755,-0.0155572028835637,0.171145175925191,-0.0909006216474597
756,-0.0155626385867733,0.180740792633577,-0.0861047379510174
757,-0.0159324442993697,0.165558506155939,-0.0962345256024659
758,-0.0333962156930642,0.16841065983456,-0.198302267361646
759,-0.0582132275688245,0.170201811511303,-0.342024723778916
760,-0.0309818117443216,0.169223712734551,-0.183081976182147
761,-0.059356491414608,0.171679747030194,-0.345739625327901
762,0.00870771233545652,0.190288204769387,0.0457606520909139
763,0.129918995730084,0.204546358272123,0.635156728418715
764,0.141621215680967,0.189075476055316,0.749019484893609
765,0.0963665869094812,0.210857457242344,0.457022427234929
766,0.10295131324354,0.197763879021389,0.520576931201905
767,0.0587619362054463,0.333127124611951,0.176394931135963
768,0.0285253945695231,0.270764002968769,0.105351502625012
769,-0.349539321096763,0.285461678350502,-1.22447020950947
770,0.0692816038197505,0.248476335419284,0.278825763036321
771,-0.232950363107865,0.300713494491112,-0.774658827672762
772,-0.064055783295841,0.168449472625108,-0.380267045646382
773,-0.0484528495268174,0.171380324346329,-0.282721191663186
774,-0.163502415510536,0.19469110982652,-0.839804219392582
775,0.0877685398398605,0.279432157989713,0.314096059921248
776,0.0797072084778278,0.303297286981575,0.262802246835363
777,-0.229346872325287,0.284956520045539,-0.804848656520072
778,-0.0596144744862864,0.316825074469773,-0.188162109915243
779,-0.00695141367205344,0.343607419562864,-0.0202306855914142
780,0.119040472683382,0.22682874035392,0.524803305337953
781,0.133610244398614,0.209991638568833,0.636264592767669
782,0.153939282577186,0.319414322723763,0.481942328898997
783,0.0698580835108803,0.228487773946169,0.305741013203352
784,0.123533659354176,0.360297441515581,0.342865769000567
785,0.289822992811454,0.359527457483079,0.806121999249792
786,0.109609953857403,0.165609612373448,0.661857438626408
787,0.118056279458066,0.173139763922395,0.681855379628341
788,0.138248626706224,0.166464145682803,0.830500923422012
789,0.0551131374529427,0.16658099380373,0.330848893349012
790,0.108384821459079,0.165848864568089,0.653515607365416
791,0.277428671257086,0.330317079937571,0.839885940229066
792,-0.00190582359395147,0.280511117772031,-0.00679411072576567
793,0.126420732006362,0.214940141270558,0.588167157884338
794,0.0331363138190164,0.197501665241398,0.167777389514743
795,0.0376432592764328,0.286494165558784,0.131392760487854
796,-0.493136094347791,0.197507380770877,-2.49679830912175
797,0.216870793956313,0.304120510181966,0.713108082800966
798,-0.359056225527274,0.245662515773815,-1.46158327979456
799,0.16252348553923,0.214510390496936,0.757648546360513
800,0.0481694672017194,0.198073281245703,0.2431901309393
801,0.1058102703326,0.285772465501538,0.370260550283949
802,-0.501153440377348,0.198243272245781,-2.52797199471173
803,0.251578098774461,0.303767420816303,0.828193155468759
804,-0.325351168894014,0.246233687421067,-1.3213105497529
805,0.119041083983387,0.21503175908838,0.553597684770186
806,0.0749582522374618,0.198561400489717,0.377506665709399
807,0.105810281634882,0.28515649659434,0.371060392796895
808,-0.49580141470327,0.197127047444761,-2.51513641141611
809,0.211930707013988,0.306474015190918,0.691512808620871
810,-0.324261965563651,0.246434938163258,-1.31581166201699
811,0.130739194748097,3.16317212931411,0.041331672575291
812,0.010655107090158,1.28262327038417,0.00830727723111297
813,0.0336053958605224,4.35247583413246,0.0077209839046058
814,-0.120853002606487,0.378156058969779,-0.319584996035051
815,-0.193141678243851,0.209475753465599,-0.92202402926585
816,0.795418436839978,2.88813038899926,0.275409462076119
817,1.14162497536498,1.96207074047791,0.581847000626952
818,0.702182848615585,0.239322962730256,2.93403875919346
819,0.419734941760227,0.264306478520782,1.58806149629519
820,0.102280603380364,3.12839304665434,0.0326942944364833
821,0.677616039008529,0.914995023948286,0.74056800449532
822,0.495299872009582,0.83328946848797,0.594391133861705
823,0.900741510549619,0.755812590279121,1.19175245574697
824,-0.0536979195702554,0.216558758089987,-0.247960045780934
825,0.120630213170905,4.74332551119063,0.0254315696627419
826,0.847934769671746,0.612802549001924,1.38369980845018
827,0.537848661961725,0.635055617055644,0.846931587591325
828,-0.18734887407665,2.70841417540918,-0.0691729041214113
829,1.30970213174881,0.193367392965331,6.77312814567257
830,0.67752931989781,0.280295399803544,2.41719742947149
831,-0.253182807530225,0.171287650491394,-1.47811477829189
832,0.00460420827135035,0.169442332139968,0.0271727154200582
833,-0.109715308762715,0.245618401282894,-0.446690102165224
834,0.249663462213361,0.167819047081489,1.48769443370829
835,-0.0797181489764389,6.44564698302554,-0.0123677497676145
836,-0.274044733526247,1.01342492540462,-0.270414439843023
837,-0.313616522534771,7.08738229333819,-0.0442499796898999
838,-0.383726218813526,2.68569170627365,-0.142877984810081
839,0.22078157218842,1.78574166443404,0.123635784831392
840,-0.391718993191699,1.01781817885382,-0.384861462813349
841,-0.0621671915594056,0.651425589838555,-0.0954325291010025
842,-0.725380504390297,3.21907825672573,-0.225337952836262
843,-0.0556640741960893,4.88073994120899,-0.0114048432956051
844,0.168699285056871,0.854652243983592,0.197389389947135
845,-0.427907094415591,4.7917063442355,-0.0893016106736945
846,-0.179918403188083,0.638130149484485,-0.281946250828973
847,-0.46784330917809,1.73230697904715,-0.270069517029496
848,-0.237124807305865,0.563098361481066,-0.421107258565231
849,-0.38313681387043,0.182695476782332,-2.09713355042123
850,-0.0892328885559173,0.440154117207099,-0.202731009588471
851,-0.165548670991504,0.544880014608552,-0.303825918648228
852,-0.18200411306505,3.60421704585798,-0.0504975451670457
853,-0.230231081269383,5.57508170762741,-0.0412964496922795
854,-0.186438459273303,7.02003107501987,-0.0265580675186363
855,0.0900009252287921,2.70620037064332,0.0332573028239579
856,0.070311583497412,0.599782550707356,0.117228457904435
857,0.112422078140353,1.5285679359554,0.0735473219710616
858,-0.0668071840057954,0.167144610291744,-0.399696908498491
859,-0.0426975638345661,0.18594250639929,-0.22962777398987
860,-0.0288211196226712,0.172528729640023,-0.167051132195813
861,-0.182387757416867,0.172122437724446,-1.05963963692436
862,0.011274820725349,0.169111479483046,0.0666709365905544
863,-0.0727486294686924,0.168368617117927,-0.43207950931698
864,0.0236143369927952,0.174369493486011,0.135426997697219
865,0.0193923734224731,0.170900907722373,0.113471447758346
866,0.13286455529092,0.169091730806162,0.785754304231642
867,-0.0316347750690131,0.228722697175938,-0.138310606947237
868,-0.0317154556012456,0.593363363478218,-0.0534503097989295
869,-0.0393476820694007,0.315195519587248,-0.124835791196927
870,-0.0453784111956083,0.269545246411332,-0.168351739827605
871,-0.181605015259473,0.26086085935846,-0.696175791592873
872,-0.0214354306078038,1.06584570984534,-0.0201111947158975
873,0.234168708269654,0.188150644696051,1.24458095080111
874,-0.115618666121434,0.402647756727134,-0.287145933858477
875,-0.636889567546871,0.196408014141854,-3.24268625356031
876,-0.463059526051736,2.39315294222731,-0.193493494661802
877,-0.423583506942282,0.356450859763636,-1.18833633119348
878,-0.140971833942642,0.255828226088622,-0.551040970333774
879,-0.0796384138418474,0.19893953935686,-0.400314658912481
880,-0.459100184517238,4.44701306250732,-0.103237876314757
881,-0.40710534304513,1.52332527433943,-0.267247809711335
882,0.680268271922282,0.193763198412175,3.51082288843729
883,0.58900714955382,0.2312561991256,2.54698966678908
884,0.0558165213455308,0.242508301985716,0.230163342403092
885,1.13038663749392,0.250019860451672,4.52118737868193
886,0.473204638298943,0.236882679400157,1.99763291895047
887,-0.134736113571649,0.240062488266806,-0.561254340669429
888,0.928663670157068,0.353607446285824,2.62625597936764
889,0.0605405629025995,0.442691103256876,0.136755770462074
890,-1.26806429050028,1.42590474243896,-0.88930505156417
891,-0.130141868936981,0.211416831719665,-0.615570046520926
892,-0.0161688528248267,0.18252863512034,-0.0885825548093684
893,-0.0357540330619676,0.178303147221013,-0.200523847274828
894,0.205284932182472,0.324207088193144,0.633190758803442
895,0.114198124648545,0.332507430725293,0.343445331129732
896,-0.138954157138787,0.383209277132888,-0.362606454046258
897,1.10189196338256,0.342926686064351,3.21319981255638
898,-0.15226742570123,0.380319521915753,-0.400367104308044
899,-0.943884788264846,0.633119970582338,-1.49084665169647
900,-0.247460745258818,0.257850731889125,-0.959705421217206
901,-0.0880320804612218,0.304445372387849,-0.289155587325115
902,-0.0665432344693428,0.209959455969726,-0.316933734477469
903,0.557638338885383,0.23287012928353,2.39463232403857
904,0.0711120272221621,0.223322738168506,0.318427168703732
905,-0.230496090634712,0.252406202844197,-0.913195032599855
906,0.657370336187493,0.262095511069886,2.50813275475065
907,0.225043193116763,1.11510812282572,0.201812890167544
908,0.111973693704053,0.365197947578095,0.306610961114749
909,0.0711090645101915,0.298699256899805,0.238062408484813
910,-0.0307064902684778,0.303204813350168,-0.101273096324547
911,0.028740788756042,0.321184579347481,0.0894837131173351
912,0.0840782521636989,0.19781304050136,0.425038975947194
913,0.0840782521636989,0.19781304050136,0.425038975947194
914,-0.0829103920384418,0.209044759173205,-0.396615501705767
915,-0.106493133580905,0.200440564555362,-0.531295318475777
916,-0.106668433257954,0.19330192953498,-0.551822909965581
917,0.021702860820313,2.41663218509408,0.00898062227018963
918,0.0707050931172493,1.70234715021044,0.0415338863806416
919,0.0531824989407324,2.89736187690795,0.0183554906843354
920,0.0364466236198825,3.85599599741226,0.00945193502388014
921,0.0321156872672081,3.06303136495892,0.0104849358170509
922,0.0227717252386732,2.17480225984619,0.0104707106752242
923,0.12105454142198,2.31553097409158,0.0522793876551236
924,0.0690415145692007,1.67491830015931,0.0412208252561536
925,0.0599929318065103,3.07536681637252,0.0195075694668754
926,-0.0156568818136563,0.220543089015351,-0.0709923937474481
927,0.0773657371806226,0.226076889649161,0.342209844184796
928,-0.0255254398509744,0.221359459236468,-0.115312171158255
929,0.00379440596969293,0.217154408484183,0.0174733084913139
930,-0.293680308832879,0.399939881606474,-0.734311136096825
931,0.133991463477675,0.351628392128839,0.381059853177554
932,-0.583877619583025,0.375364518933798,-1.55549496591073
933,-0.0570151675265474,0.263534198735832,-0.216348268270487
934,-0.10086645069131,0.203448391118986,-0.495783968290604
935,0.251954979794031,0.203345166867987,1.23905074152858
936,0.0592963901796347,0.192522546603285,0.30799712151025
937,0.242069951976407,0.229347878700681,1.05547063852432
938,0.0208751802628239,0.178775586308654,0.116767511123041
939,-0.0955312182085946,0.178128947966802,-0.536303724346921
940,-0.0210775124028156,0.16757295053784,-0.125781114047139
941,-0.0607032846817058,0.169566703917311,-0.357990591780964
942,0.134192370684471,0.187079900736204,0.717299774889726
943,0.122052022302678,0.190491939328279,0.640720141403692
944,0.115970939740385,0.201686928109572,0.575004740403308
945,0.00538681630118853,0.185131983367716,0.0290971673462225
946,-0.0155234952548458,0.168200232988041,-0.0922917583351359
947,-0.0183004907995654,0.16945783288007,-0.107994363485795
948,-0.0154482608067875,0.16732901541337,-0.0923226660279095
949,-0.0657621959608597,0.168159281479257,-0.391070866754218
950,-0.110219660220222,0.170173775456943,-0.64768886935878
951,-0.029543248645191,0.169993631433416,-0.173790326120321
952,-0.0392529207005813,0.194115688973653,-0.202214055484763
953,0.0454664415914868,0.191982791568528,0.236825609316435
954,0.0465714691273078,0.167872479050836,0.277421703608754
955,-0.0106222547909536,0.168194396679546,-0.0631546294089202
956,-0.00835657455458021,0.170855637792751,-0.0489101481375568
957,-0.00359772560721274,0.171118192585231,-0.0210247990167427
958,0.0875474840623421,0.224460960951362,0.390034345800171
959,0.171896022281904,0.22765511878376,0.755072072177654
960,0.22199022893087,0.184138864967023,1.2055587991738
961,0.108040355324869,0.198159881015884,0.545218107575512
962,0.609644182668066,0.612515301838514,0.995312575601245
963,0.141552276293262,0.175805650659081,0.805163404945144
964,0.291764367821276,0.190252022153662,1.53356776195327
965,0.169555473068493,0.175946100750012,0.963678492138917
966,-0.572317367451391,0.612724368798321,-0.934053542825175
967,-0.177175667728272,0.686205835687517,-0.258196095856221
968,-0.58260500431247,0.74471237683872,-0.782322172199701
969,-0.34914203914102,0.544361759774557,-0.641378702437906
970,0.0113398954913102,0.526680344785141,0.0215308879543176
971,-0.238657699106084,0.596820489755412,-0.399881879397087
972,-0.112548901525022,0.60645616873006,-0.185584560481433
973,-0.00333250582133434,0.53010210648657,-0.00628653570803866
974,-0.336834193099627,0.488555942033011,-0.689448564882807
975,-0.614844953074438,0.662007486630663,-0.928758307861045
976,-0.482405834129769,0.79405988462476,-0.6075182029347
977,-0.921406776817309,1.63178400655217,-0.564662218233261
978,-0.336591427466531,0.738819655182225,-0.455579957985163
979,0.0784225985445949,0.662007486630663,0.118461800097961
980,0.00984676961701313,0.852603663052256,0.0115490585411778
981,-0.526389022032575,0.674686659294139,-0.780197762592914
982,-0.729701229401578,0.778193802825868,-0.93768573683291
983,-0.64790369128078,0.686528414780386,-0.94373907522537
984,-0.0359042364317292,0.165769252581747,-0.216591652990796
985,-0.0856978606051756,0.166237609417627,-0.51551427444967
